grid,area.ha,perimeter.m,canal_ge,seasonality,canal,wetland,wetlandVegetation,agriculture,built,shrub,roads,bare,vegetation,longitude,latitude,1_50,2_50,3_50,5_50,6_50,7_50,8_50,1_100,2_100,3_100,4_100,5_100,6_100,7_100,8_100,1_250,2_250,3_250,4_250,5_250,6_250,7_250,8_250,1_500,2_500,3_500,4_500,5_500,6_500,7_500,8_500,1_1000,2_1000,3_1000,4_1000,5_1000,6_1000,7_1000,8_1000,4_50,wetlandL,wetlandVegetationL,wetlandTot,wetlandTotL,change,winterRsummer,winterRsummerOW,winterRsummerWV,changeSign,logArea,logAreaL,logOW,logWV,logOWL,logWVL,perWV,WVclass
155,16.7,2155,Y,Both,1,0.08,0.25,12.712,1.266,0.482,3.08,0.808,0.082,72.608,22.775,0.07341771087646484,0.24778068618774415,21.8700277980281,1.1287805030822755,2.8265739097595217,1.6920662241408402,0.11012553405761719,0.07341771087646484,0.24778068618774415,34.074602009624385,1.1654834411621093,1.1717855774524166,2.8265739097595217,2.643332935659371,0.11930269775390626,0.07341771087646484,0.266134765625,79.02907425239121,1.174660563659668,2.379513023636762,2.8265739097595217,4.920494387332692,0.2538651299151252,0.07341771087646484,0.7030077729827283,171.54668644062104,1.4661424974000221,9.742995007545622,3.4339748057466393,12.78772480930104,1.3414163324124206,7.90433435495414,9.834531317695168,409.0162614258288,8.072072280497832,41.96099032346838,12.019405402915805,40.00781627473122,7.190166183881574,1.1654834411621093,0,0.4530077729827283,0.33,0.4530077729827283,99.18,1.556560034630236,3.4165261775026012,1.4472078922216056,2,2.1043366598147357,2.4672997588773846,0.8479969065549501,1.8073549220576042,0,2.4672997588773846,75.75757575757575,2
85,1,523,N,Dry,0,0.32,0.51,0.705,0,0.052,0.2,0.01,0,72.633,22.724,0.29377130432128906,0.46819775009155273,3.892681196229223,0.4187700808655982,0.18360682373046877,0.009180383300781251,0.08060759977153703,0.29377130432128906,0.46819775009155273,8.116828129179714,0.01429270050946404,0.77864285147872625,0.20275978112912646,0.48392710588941384,0.15606718139648437,0.29377130432128906,0.48655877609252934,20.67454407690609,2.8279350232831173,2.75017455823113,1.4046032453439747,6.369284781790339,0.4645277619485294,0.29377130432128906,0.578363427734375,66.65560945926144,10.168851353239173,8.41052964771944,5.364727248963001,13.23651352111218,2.8494838494693537,1.96798530395807,3.294436081016391,274.1814651988043,14.47327826211967,19.371986466749604,13.356590012359623,33.48722100158991,8.627583322520538,0,0,0.06836342773437498,0.8300000000000001,0.06836342773437498,5.029999999999999,0.41300717252552915,0.7815332869062825,0.40744702084758067,1,3.2172307162206693,0.7515787871190244,2.070389327891398,2.608809242675524,0,0.7515787871190244,61.44578313253012,1
88,9,1329,N,Both,0,6.86,1.53,3.92,0,0.37,1.71,0.01,0.4,72.719,22.723,6.297739187622071,2.214814647037282,8.954865076051597,1.1302309809217266,2.491858152896657,0.05508259963989258,1.5894956091877055,6.297739187622071,3.0231930381356036,13.416385249493178,0.2019710693359375,2.583971524278229,3.679169627924901,0.07466776740279853,3.501013218811633,6.297739187622071,4.597315220639099,39.70158842226814,0.7064968532188267,4.738085974746404,7.693856733838248,0.6150911109924316,7.554050345734238,6.334461038208008,7.894490506867055,105.04454479042495,10.156366633833343,8.993482176444855,14.977777455145144,2.681819353215836,12.015218401857265,6.472169567871094,11.786105914192946,338.053373123561,19.96357188604916,25.219082379838536,30.963520346162092,11.416633727728152,33.13506740489885,0,0,6.364490506867055,8.39,6.364490506867055,26.98999999999998,0.08016416128571377,0.09468266179126725,0.24844360538187735,2,6.407692648665677,6.014464764662815,6.121015400961366,4.026800059343715,0,6.014464764662815,18.235995232419548,0
132,3.35,1215,N,Dry,0,2.31,0.321,2.019,0.21,0.357,1.01,0.25,0,72.691,22.76,2.1201110603332523,0.37089740071016203,6.603639078476851,1.4005177895789054,0.9361533821105957,1.0472257251275754,0.02595002952426088,2.1201110603332523,0.4038297317504883,11.612294714301619,0.31205157012939455,1.899111819562725,0.9361533821105957,3.4866555167912505,0.04588937683105469,2.2819646534429814,0.9294153199678308,29.96930388817282,1.3489097789869122,6.718039721362543,2.9216768850348975,9.543928212393967,0.1574998188243193,2.8818688316345216,2.000792248535156,77.12610589882952,7.092945682405957,17.00565325219846,8.244217446998148,23.63171430625467,1.945116180485744,4.4420405258178715,6.360434790631462,259.28486347171594,35.562297859027325,34.722167140550795,15.148101909873816,60.78760978614059,12.278576415342444,0.31205157012939455,0.5718688316345215,1.6797922485351562,2.6310000000000002,2.2516610801696775,14.690000000000003,0.19744845927421312,0.21368245309148057,0.6904728255602183,1,4.7713574089905615,4.555608249793391,4.590961241342599,2.0738202332916713,2.7481796044007916,4.15363694310131,12.200684150513112,0
89,9.26,2254,Y,Wet,1,6.85,4.114,2.66,0.43,0.413,1.025,0.24,1.56,72.757,22.715,6.2889332069396975,4.310827312999052,8.188209718310784,0.9593869017597274,1.3744433247584924,0.24788610153198243,1.7677014441725787,6.2889332069396975,4.56727805873497,15.16582964068844,4.705171141240736,1.2621444010416665,1.6982258304431392,0.25706716232299803,1.932815896073884,6.2889332069396975,5.253040280746759,39.6036517690741,14.406601365787283,2.4301139651219987,3.7849347183796005,1.3004504182045136,2.478846699523926,6.2889332069396975,7.0601645869655245,107.28441897444796,24.8195477419655,5.695418272651224,13.38158980843338,2.919526277923584,4.973055443929036,6.293253938787124,10.264332476043702,372.819164595652,28.35592610116099,12.800207987572167,30.322962965411026,5.1549330894889085,16.78993961742326,2.384718697066962,0,2.9461645869655246,10.963999999999999,2.9461645869655246,7.88000000000002,0.06226488359713086,0.09209652795737987,0.12174938497929137,1,6.789729251375769,4.928921988906939,6.118941072723508,5.397118409042582,0,4.928921988906939,37.522801897117844,1
71,4.96,1017,N,Wet,0,2.84,1.552,0.626,0.07,0,1.872,0.01,0.32,72.752,22.684,2.6079497680664065,1.7906779342651369,4.6337893228927305,0.26630437316894534,2.7033483570203596,0.027548865509033203,1.382406610439525,2.6079497680664065,1.8625564578486427,11.12768951095581,0.1705853892337575,0.5675019575171377,3.00411515406889,0.05509762573242188,2.0767013075286265,2.6079497680664065,2.0569813247680666,37.52236875045477,1.6947205555276312,1.7612365465081912,4.386840659380147,0.28085387436810666,3.977326091260723,2.6079497680664065,2.6249498378648948,103.06240689317303,11.790245829018984,3.2286170767600866,7.714498790292179,1.3807595342149923,7.51047709925334,3.7374331932067872,3.914764113697726,341.40014115050343,21.71164088819616,10.448867631315345,19.60358762454164,8.675445018935859,18.243623327205885,0.11019466781616212,0,1.0729498378648947,4.3919999999999995,1.0729498378648947,7.590000000000003,0.1272155006801762,0.17987614157121293,0.2331113435058398,1,5.489286022625876,3.5520694115692257,4.877744249949002,4.046141781644721,0,3.5520694115692257,35.336976320582885,1
91,7.5,2233,N,Both,0,6.064,1.418,1.03,0.354,0.11,1.545,0.29,0.036,72.823,22.713,5.582084972381592,1.6893153129577638,4.457156033414955,0.6401143049950694,2.664972978192498,1.1764347757436715,0.4138616073728075,5.582084972381592,1.8896438347760371,9.116339060306922,6.606872197552848,1.1237938895969766,3.979785707947974,1.303709127044678,0.7686422826041428,5.582084972381592,2.377649121734021,26.7543367064951,18.325358597367227,3.3681601382954915,6.834903530423033,3.7994864554880166,2.5857277638184795,5.683080198669434,4.27644611343683,73.86769581426289,33.97466887480192,8.277216310134593,22.242288363159773,8.44255503957412,8.512108602857404,5.866712858581543,8.564064700837978,286.79080911245893,49.64976542246501,28.206963887840722,48.33632690441954,17.801468107317756,27.49303544940125,3.44278490477618,0,2.8584461134368295,7.482,2.8584461134368295,1.3499999999999979,0.08269543920645393,0.09673181412918656,0.26236926630985813,1,6.2445065513959195,4.8867677122719035,5.945794956740061,3.9240998856407416,0,4.8867677122719035,18.95215183106121,0
6,4.78,1144,Y,Wet,1,0.41,4.478,1.802,0,0.443,0.493,0,0.443,72.591,22.55,0.37686134414672856,4.173048097229004,6.608530428074854,0.9499990612643375,0.6827095190968234,0.5590022813595044,0.7168901224831974,0.37686134414672856,4.209886643281824,12.679687393619309,0.2090689820472867,1.3412806962106743,1.094862071655872,0.959294954139859,1.2043062064585968,0.37686134414672856,4.608238528008554,36.54236124740302,1.1387755364062737,3.2050933761237648,1.5609449063708738,4.831923350638596,2.920069763901654,0.37686134414672856,5.565702244531969,105.79896428859924,1.92108671875,5.65807975924922,1.9518948361445407,12.115356814709829,8.046522982171751,0.37686134414672856,8.824487895382152,347.2874144788496,1.92108671875,9.129466683615892,4.021046434906605,45.59728772565055,13.561786355492089,0.027575440216064454,0,1.087702244531969,4.888,1.087702244531969,-2.8800000000000026,0.11135903872649636,0.09518173081769445,0.12106286696738572,0,5.640389560054945,3.5701012945117316,2.350497247084133,5.516645557780962,0,3.5701012945117316,91.61211129296235,2
12,4.26,2352,Y,Dry,1,0.2,0.01,16.769,0.03,0.318,0.785,3.38,0,72.666,22.575,0.18380214767456055,0.018379862976074218,26.720660665109662,0.9380634699174469,0.7443999656677246,3.639028150353526,0,0.18380214767456055,0.018379862976074218,38.556354523656516,0.02756989974975586,0.9988969482421876,0.7443999656677246,3.8682731451027066,0,0.18380214767456055,0.02757019805908203,80.25953987594009,0.02756989974975586,1.4570569102837059,1.4079092336976295,5.0718325290246105,0.1286576950073242,0.21439832999135944,0.28711833608589926,173.31732320857034,0.6573731621805827,7.062862253397027,2.7588147264817184,7.843804326662548,0.5751378071773754,1.4337032508850098,3.0197216897044465,454.9563964266401,1.2864404146830242,21.926144140995998,6.143231153292191,20.6715664253564,7.988881212837367,0.02756989974975586,0.014398329991359426,0.27711833608589925,0.21000000000000002,0.2915166660772587,60.79,1.934683301457996,1.2968155642266352,5.13235125992146,2,1.632268215499513,1.9690737214505463,1.584962500721156,0.13750352374993502,0.19406599153265114,1.9150172982840938,4.761904761904762,0
49,42.2,2886,Y,Both,1,6.72,20.845,13.899,0,0.66,0.79,0.05,6.568,72.63,22.657,6.172092398071289,19.45640164547191,26.911708761665505,0.9973870430291869,0.7347760520935059,0.49332253025129724,7.622814282220579,6.172092398071289,19.648711620238064,42.0049431444325,0.009185047149658204,1.1833860562492822,0.7347760520935059,1.1940688597824993,8.764211342495189,6.172092398071289,20.683747037921982,96.15975719494692,0.04592528915405274,1.5879178714497886,0.76233148727417,3.841794451859419,10.864852364226696,6.172092398071289,20.88610336380005,213.07110803251385,0.2194271712179745,2.64716124978159,2.6230143309888656,12.976386772045057,12.275160381143607,6.208828910064698,22.888989938342526,535.1639079977809,1.7244987677660182,11.94712055094102,8.583447373917526,40.81621134791655,20.54895741416782,0.009185047149658204,0,0.041103363800051085,27.564999999999998,0.041103363800051085,136.34999999999997,0.031411523482448744,0.12095821882151368,0.032358174817454434,2,8.111918113555461,0.4967523811301208,6.0916998341368105,7.710462073979161,0,0.4967523811301208,75.62125884273534,2
245,2.26,795,N,Dry,0,0.21,0.869,0.871,0,0.635,0.02,0,0.17,72.91,22.854,0.1926077117919922,0.7979473449707032,2.384525840352376,2.7567845411831735,0.018343572235107422,0.06812330455406039,0.5472852195171282,0.1926077117919922,0.7979473449707032,5.634977402726716,0,4.579376186885461,0.11923251190185548,0.33471818272908527,0.745719264496448,0.321010905456543,0.8438055854797364,20.16820827217251,0,10.285995306435382,0.7772940548376944,4.971293289750044,1.242432076218549,0.321010905456543,0.8438055854797364,64.41452864778104,0.00917158203125,20.54251335457896,1.0547481109619141,22.62934068433575,3.6232444013588103,2.3311497450376026,1.8335273848410216,215.42421395320508,5.017655138582716,60.630322504015105,5.025851367334104,77.09454821631341,12.845502031680837,0,0.11101090545654299,0,1.079,0.11101090545654299,0.5000000000000004,0.3069900772347699,0.8491187791933912,0.29161874380441605,1,3.559491813205038,1.0773175621623357,1.632268215499513,3.2764966656403565,1.0773175621623357,0,80.53753475440223,2
271,2.57,1207,N,Dry,0,1.752,0.487,0.136,0.042,0.06,0.897,0.052,0.007,72.909,22.882,1.6139109519958497,0.4841381803953882,1.0021504962906183,1.9176720634251012,2.2214661211170865,0.3964271637082568,0.20249303973328833,1.6139109519958497,0.5573169381624111,2.178781313156426,0.7549546805497711,4.554131335027358,2.9164411604249247,0.9784468671192843,0.561914462887633,1.6234407274552887,0.8779377473569384,11.396933090299726,3.834563913388719,12.735913310466092,4.490153696722891,1.4946968170166017,5.25316344136855,1.6872722679138183,1.3396721189700858,45.752718232493706,5.703665225982666,36.05955784267351,8.952068403852874,3.3693740844606888,15.912956069192338,1.6872722679138183,1.9142969595576267,162.03296903620418,5.921546695347207,96.64944927346323,13.21158288552677,7.933703670558555,100.36914178376745,0.1505309881442201,0,0.8526721189700858,2.239,0.8526721189700858,6.09,0.20870733729458507,0.23986393278901644,0.5328165723553447,1,4.547819956577703,3.251979767410917,4.211012193485511,2.5533605033353277,0,3.251979767410917,21.750781598928093,0
293,1.14,447,N,Dry,0,0.28,0.12,0.487,0.02,0.07,0.86,0.361,0,72.904,22.906,0.2567134819030762,0.11918854446411134,2.108791945869595,1.004955807381424,1.2680010794994878,0.812638767412971,0.036673222351074224,0.2567134819030762,0.11918854446411134,5.208771075080422,0.03667328720092774,2.368592087414312,1.5011636213325055,1.2126680691827514,0.0825149787902832,0.2567134819030762,0.14122853606878544,19.383512723173258,0.07334699020385743,7.5603056936376225,1.8244983596801758,3.2357201039692,3.0640088874278346,0.2567134819030762,0.3025568344116211,59.648978952756444,0.08251510314941407,20.22230692915674,2.0502530560482253,8.784137184289671,16.593479376148895,0.2567134819030762,0.8079315115386365,179.64792761811782,0.3850457232306985,68.1918502384261,3.2471793001661116,11.067085722159591,105.86843911786241,0.03667328720092774,0,0.18255683441162113,0.4,0.18255683441162113,6.800000000000001,0.7121429908948957,0.8425352266235921,0.8399985938886135,1,2.321928094887362,1.4985410851451717,1.9259994185562233,1.1375035237499351,0,1.4985410851451717,30,1
294,1.55,628,N,Dry,0,0,0.01,1.89,0,0.683,0.04,0.649,0,72.937,22.904,0,0.009168480682373047,3.2101996012968184,3.4735313767885687,0.4175425385149788,0.7374695333503274,0.07047115920721315,0,0.009168480682373047,6.277051562215768,0.021572637068804575,5.113538853675993,0.881534950217453,0.9249377376780793,0.8377146394019036,0.11918832397460938,0.18336663818359375,17.6888801478816,2.284891378948735,13.64400343358059,2.7074082654825857,1.8696432943964942,3.1381337072095685,0.18440793028588387,0.37219562290565644,55.275895590996846,8.037733538169112,34.895962393981314,6.821641436537202,4.353926477487602,8.710103865440221,0.5959319946289062,0.7609631980895997,189.4495405198132,9.709945136949127,112.56199755499455,12.056036526920096,11.889696434236415,52.353930904624775,0,0.18440793028588387,0.36219562290565643,0.01,0.5466035531915403,4.3,2.2117812793419147,1.7224660244710912,1.483880195908648,1,0.13750352374993502,2.69288143532934,0,0.13750352374993502,1.5079616928919581,2.208503597230459,100,2
225,3,1161,Y,Dry,1,0,0,3.886,0.1,0.07,0.13,1.339,0,73.09,22.838,0,0,9.672942599741614,0.5346902367446001,0.38310215206969017,1.5609042075572297,0,0,0,16.8831321624307,0.23083356692145854,1.1619359223698638,0.5643303532559265,1.7428516082763672,0,0,0.009172701263427735,47.30384178378833,0.3210516242980957,3.1473468343248556,1.5765803931950588,2.1254162091872275,0,0,0.09173174514770509,128.31837348669285,1.1007769241333007,5.526142173055013,3.7672126150393015,2.8249956942300236,0,0,0.4861434425354004,391.62467087725776,1.156315016856474,14.011505564937217,6.98208277394912,8.66172318370146,8.956884382671282,0.1100747802734375,0,0.09173174514770509,0,0.09173174514770509,25.76,4.7420062108667365,4.392317422778761,2.7570232465074596,2,0,0.9390892247238942,0,0,0,0.9390892247238942,,
252,17.7,3917,Y,Dry,1,1.21,0.05,18.013,0.02,0.957,1.47,5.717,0.04,73.125,22.862,1.109729404449463,0.045856201934814454,24.10507864221611,2.826726950976802,2.4444127324631637,6.53996148002475,0.13932897644042969,1.109729404449463,0.05502727432250977,33.54620946085611,1.508268696459602,4.754115277024812,2.597122055014816,7.082425701551249,0.18475265604654947,1.109729404449463,0.08254037857055664,69.08345729988253,3.343375298046037,11.215141588365142,3.7744345062824323,9.59181828317979,0.3266339382066914,1.109729404449463,0.0917113265991211,157.68485130526378,3.5308585655212403,25.839304454585054,4.687333246456968,14.120575920356302,1.2254411826219744,1.1464130897521974,0.12839361267089844,451.8810663820186,4.51218352432251,51.16567468604593,6.2518412381549915,23.090405815450637,5.538257420893651,0.4587718144315831,0,0.04171132659912109,1.26,0.04171132659912109,71.7,0.47165248797286236,0.41873487230307194,3.5833596208979497,2,3.765534746362977,0.502955073536989,3.711494906650088,0.5849625007211562,0,0.502955073536989,3.968253968253969,0
300,8.91,1428,Y,Dry,1,2.46,0.238,4.472,0.31,0.716,2.194,0.326,0.715,73.109,22.901,2.2555059532165527,0.2383870964050293,8.89903325358672,1.7755599326578775,3.180875229662727,0.42327336197796994,1.5383580037135702,2.2555059532165527,0.2383870964050293,16.689374456601612,0.2842313316345215,2.323340232932895,3.572468217411415,0.5521770277763816,1.946990795742858,2.2555059532165527,0.23871069277595072,47.32970314448641,0.5266767245632995,5.707659069174971,4.433749280389525,1.098640933643416,3.029421392397413,2.448040912628174,0.41259793701171876,118.73490756917614,1.5583623249068914,15.48004945202099,8.788513282961379,2.4899064582675114,6.682627847628125,2.4523554311206297,0.4401046905517578,382.52733060674325,3.4198726585388184,29.962068483318255,15.50555660881192,11.608117750309965,11.02136672713635,0.2842313316345215,0,0.17459793701171877,2.698,0.17459793701171877,71.26999999999998,0.2370620156234081,0.24239661760916167,1.3981482711550155,2,4.806324057390029,1.4573207869047415,4.678071905112637,1.7570232465074596,0,1.4573207869047415,8.82134914751668,0
251,16,2486,,Dry,0,0,0.42,14.401,0,0.974,1.2,2.156,0.16,73.097,22.845,0,0.3852392570495606,23.94415376276352,1.7598307626612042,1.6733145764010562,3.283789980459774,0.2363577973728554,0,0.3852392570495606,36.89428365097043,0,2.3286538761153874,1.8552138799600038,3.7172987915218583,0.2659966407775879,0,0.3852392570495606,82.15339981261609,0.02737284461227118,4.852047968202479,2.6133113095990352,4.145879643249512,0.43757037779864144,0,0.3852392570495606,179.45105653268283,0.21095690078735352,13.963484843109729,3.5851013116784185,6.203007559213079,2.0178619514465335,0,0.4035839668273926,467.12452548031723,1.0042154284697888,40.12560112317254,10.287164240653839,18.801349723391056,5.993553555985993,0,0,0,0.42,0,113.01,1.3240785145279583,6.472325296656458,0.9474900476826484,2,2.37851162325373,0,0,2.37851162325373,0,0,100,2
263,5.8,1695,Y,Wet,1,0,0.99,3.471,0.03,1.059,0.475,0.1,3.09,72.662,22.872,0.07336452407836914,1.4295661697028665,6.5525735959580365,3.545759827764174,1.4580835725672106,0.11004796142578126,3.4845281859035118,0.07336452407836914,1.5956793365478517,11.600365301845779,2.05808069992963,5.456083551076253,1.901905546527937,0.2278282149400898,3.9942725417133413,0.07336452407836914,3.1744122995294313,31.788177605279664,7.244184740902771,10.20739591408524,3.1488045742378983,3.651597073971617,5.016892803153245,0.07336452407836914,3.767472749753466,85.82415639697503,12.28583772979138,19.303081160706164,5.545600442062079,24.201792393583403,6.456272228988947,0.18340976943969728,5.924239044952393,300.96047675795927,14.520864908782361,38.799070510409486,10.748927190497904,80.72786618268485,8.634987574863809,0.6972589833098767,0.07336452407836914,2.777472749753466,0.99,2.8508372738318353,-9.8,0.012615002178893121,0,0.012615002178893121,0,3.4462562298895643,4.883052459334395,0,3.4462562298895643,0.7938087072536453,4.84673036069693,100,2
211,0.97,416,N,Dry,0,0.48,0.08,0.547,0,0.02,0.366,0,0.03,72.663,22.82,0.4403530426025391,0.07339215774536133,3.0027874321731867,0.08950952305214079,0.348612606048584,0.685457533273136,0.02752202606201172,0.4403530426025391,0.07339215774536133,6.9935276482855135,0,0.15826067286173504,0.3669605224609375,1.3260511566012514,0.10886531178792318,0.4403530426025391,0.07339215774536133,28.45855728697236,0.0183478515625,0.3061952087222829,0.4770476615905762,2.6382801234256523,0.7431007347106934,0.4403530426025391,0.15221569084017883,92.39471003620518,0.0183478515625,3.365282588423187,0.7198897345299814,5.438523685685699,1.2093619201779835,1.3853217155456543,17.048192190249573,275.8560539806657,0.4495431495666504,16.390073635777494,7.162124626054951,31.742216073904597,11.606149401295982,0,0,0.07221569084017883,0.5599999999999999,0.07221569084017883,0.6000000000000005,0.4315146828113561,0.43725050004141547,0.7016857810187745,1,2.722466024471091,0.784216594918447,2.5360529002402097,0.8479969065549501,0,0.784216594918447,14.285714285714288,0
237,0.33,228,N,Dry,0,0,0.194,0.122,0,0.023,0.016,0,0,72.694,22.863,0,0.21093831787109377,1.5636776743840235,0.3510596210165584,0.027513679504394532,0.05776101872462853,0.005071138646742877,0,0.21093831787109377,4.839533713136561,0,0.4069139186933929,0.027513679504394532,0.14674044342041018,0.018558227826286765,0,0.3576776466369629,22.5555908788135,0,1.0384308026242723,0.027513679504394532,0.5757336517872531,0.7531941179701861,0,0.620228471996831,78.05636883681065,0,3.5482416194930733,0.2659601142883301,3.864952545085233,2.9582019413009344,0.00917165298461914,1.987285388578527,263.98039825791614,5.589650628695021,18.848774654158053,6.3110822538877,25.66976308365466,12.223649626895682,0,0,0.42622847199683095,0.194,0.42622847199683095,-0.64,0.4087190003978403,0.37851162325372983,0.3401360544217687,0,1.5558161550616396,2.3956893087420705,0,1.5558161550616396,0,2.3956893087420705,100,2
238,3.88,809,N,Dry,0,3.69,0.755,0.226,0.24,0.062,0.191,0,0,72.719,22.846,3.3845790664672855,0.9630914390563965,1.3090136190885655,1.9032309271240229,0.32103084564208983,0.3316056960730459,0.09172301788330078,3.3845790664672855,1.1816096424177582,3.1218555418755027,3.723320833420099,3.812353440862919,0.32103084564208983,0.7029244246598786,0.42016212641697304,3.3845790664672855,1.9150013481888117,14.540771751269174,10.804782506327912,8.671931205935005,0.32103084564208983,3.425681190140667,2.7844966385695504,3.3845790664672855,3.250806586522121,54.70792579236798,12.908951863038308,25.66640280401492,4.852201460586248,10.327436910343545,10.44162760113286,3.760656830596924,6.702811038988899,206.07680647971947,15.635095484409707,89.30985113886216,11.076083461695655,17.581730426207894,51.64216734872556,1.7004412239972284,0,2.495806586522121,4.445,2.495806586522121,-2.8300000000000036,0.11910800193636917,0.1380649276197962,0.3028963142672488,0,5.506208389306745,4.698110987060844,5.24412594328373,3.0959244199985356,0,4.698110987060844,16.985376827896513,0
262,3.1,1016,N,Wet,0,0.26,0.08,2.556,0,0.193,0.922,0.03,0,72.639,22.872,0.23843558807373047,0.07336476135253907,7.139651792318306,0.5685762710571289,0.8528655143737793,0.7277514580730363,0.1561149187963149,0.23843558807373047,0.07336476135253907,13.477465745735906,0,0.6507884244283041,0.8528655143737793,1.7021401650312837,0.1925812141418457,0.23843558807373047,0.08253544235229493,39.68314402317719,0.13996973026350434,2.825259095165777,1.6576256262865252,3.841868082529704,0.1925812141418457,0.23843558807373047,0.10087680435180664,105.60593629096533,0.3667933539626178,9.804285949808756,2.831337583992154,12.227415937775255,0.9871057026702283,0.23843558807373047,1.158293575960047,309.13721537977966,8.136202549495323,24.409596802021102,5.942495013197357,56.02372570590151,10.969430861927105,0,0,0.020876804351806638,0.34,0.020876804351806638,26.64,1.1263765119119096,1.2834962251255215,1.6085014562962814,2,2.137503523749935,0.27353742525516417,1.84799690655495,0.8479969065549501,0,0.27353742525516417,23.52941176470588,0
160,2.12,584,N,Dry,0,1.61,0.234,0.362,0,0.291,1.034,0,0.006,72.771,22.783,1.477413161468506,0.266116780090332,2.257420993257411,1.87545474402035,1.8117279588916253,0.10961435230030735,0.009176419830322266,1.477413161468506,0.266116780090332,5.937770764079373,0,3.2398345060759897,2.0628748233271583,0.6586930659604542,0.09993435658473596,1.477413161468506,0.2844698440551758,23.410234661862237,0.027529490661621095,8.286266033519672,2.7678449024843705,4.068667737010883,0.48225396464329146,1.477413161468506,0.43344948411829337,74.82788455701034,0.0734110107421875,20.499274423244703,3.934090005457261,14.641558293828032,1.16015248603372,1.477413161468506,2.445674554886163,243.46310456722784,5.480397527468812,59.3116364489477,10.057476053167607,50.64865557484347,13.588647908169614,0,0,0.19944948411829336,1.844,0.19944948411829336,5.160000000000002,0.2376844861343558,0.23903291469300228,0.9294421137169867,1,4.280956313831056,1.58231264689095,4.095924419998536,1.7398481026993278,0,1.58231264689095,12.689804772234273,0
162,2.7,906,N,Dry,0,0.11,2.356,1.361,0.24,0.416,0.819,0.02,0.06,72.81,22.778,0.1009447639465332,2.279339686216467,4.010260138690426,1.3741873499253217,1.5852097315350702,0.352713413774079,0.16834902587890624,0.1009447639465332,2.368949184375838,7.983701332840267,2.0636474055929748,2.2969798233959717,2.03076868576349,0.9429787220973594,0.2667031826812146,0.1009447639465332,2.519882030391319,25.511410912448657,7.141513005688237,4.036572805379231,3.8701833942637722,5.223389805761601,0.385425521850586,0.1009447639465332,3.3495540496826175,79.02653891844213,11.086556920818254,10.959857850664923,6.344699596004113,15.622132133450982,4.523692889470119,0.1009447639465332,4.642249791684619,288.9488077474018,13.946820868219115,35.20932545053819,13.937965232995724,44.59131184678923,10.795670427623076,0.9578848553676231,0,0.9935540496826176,2.4659999999999997,0.9935540496826176,-1.559999999999997,0.1789150912448402,0.3228913833869703,0.18544742881423606,0,4.681449265314957,3.4509526232587393,1.070389327891398,4.618238655595454,0,3.4509526232587393,95.53933495539336,2
187,1.54,484,N,Dry,0,0,0.24,1.96,0,0.4,0.18,0,0.19,72.745,22.793,0,0.22939538803100587,4.704063239752078,0.8763431931140376,0.2752749061584473,0.009175752258300782,0.754970553900027,0,0.29362654724121096,8.621560306205001,0,1.5145481534800809,0.37397793092615467,0.2733312685409246,1.368093772215002,0,0.4129109077453613,28.13881305657478,0.11011070098876953,3.9892039707109035,0.7754810119748583,0.9316547583396761,4.182077849617753,0,0.9459950603739422,78.1700346801159,0.811875604466457,16.597987698822017,1.339021252728631,3.120864050675934,12.181760921086328,0.14454074041029985,5.015125780884987,257.30550783272855,11.639539952673816,48.4308147838129,3.803699046005548,21.49478159358305,31.257852251431352,0,0,0.7059950603739422,0.24,0.7059950603739422,12.999999999999998,1.1869482087443297,3.6205864104518772,0.6913227197306274,1,1.765534746362977,3.010770997071041,0,1.765534746362977,0,3.010770997071041,100,2
216,1.31,458,N,Dry,0,0,0.01,1.259,0,0.316,0.15,0.01,0,72.808,22.837,0,0.018885505855784697,2.6654455790261653,1.8133614561582077,0.13759388275146486,0.07212468794280408,0.24195145867142023,0,0.07338355560302735,6.558659333639707,0,2.2364307758136825,0.13759388275146486,0.18550912384930782,0.606749554458319,0,0.20982586777630974,20.758453905962785,0,8.515675561634144,0.13759388275146486,1.083563228194293,2.961725346102247,0,0.7119605212581859,61.887447450474795,0.02751924514770508,25.356240926259364,0.13759388275146486,2.202895460902196,14.296319365713076,0.1612250900956696,3.1962357303993376,211.11588513316144,0.38454012329999143,80.58542302412143,1.60856377345964,4.428243709842458,62.065262603693974,0,0,0.7019605212581859,0.01,0.7019605212581859,6.499999999999999,2.659999471414748,2,2.0014853283360456,1,0.13750352374993502,3.0035312177438906,0,0.13750352374993502,0,3.0035312177438906,100,2
332,0.62,412,N,Dry,0,0,0,0.468,0,0.009,0,0.2,0,72.931,22.939,0,0,1.8367596712419099,0.8403792744804831,0,0.4216445152282715,0.07426392916810279,0,0.009166253662109375,3.3898348962252736,0.02501842253741096,2.9040307987946163,0,0.48807247903262874,0.37462732190300435,0,0.011322970054476867,10.904805213243073,0.5459521890318628,13.149650349417294,0.3186648820196414,0.7887629584966922,2.85677977804745,0,0.036664395904541014,41.18335204435161,1.2099516181945802,34.76336011996997,3.725722888270359,2.0625183784514785,12.490911587075628,0,0.09166032943725587,170.43607944537598,2.2457314918518065,116.1916463860784,8.291178968452003,3.949680296191047,45.35874629215018,0,0,0.036664395904541014,0,0.036664395904541014,0,0,0,0,0,0,0.45063743795243766,0,0,0,0.45063743795243766,,
333,2.33,762,N,Dry,0,0,0,1.044,0.02,0.589,0.01,1.05,0.028,72.966,22.955,0,0,2.4948435294297155,2.3691229307586075,0.5946575388740091,0.9989975105285644,0.4467869398857565,0,0.018330437469482423,4.47048059089511,0.351331907342649,4.461029750354245,0.8797134182081037,1.0453985451612287,1.8195678551797305,0.045826289367675785,0.49269383167940034,18.693519807134884,1.502420143968171,7.751890622893689,1.836845741182215,1.3381036605834962,8.251229725093472,0.045826289367675785,0.9348491485595704,49.406373912123144,3.7852739723205566,24.272632470140643,2.9295846247265387,2.3317247774610332,32.0289809232106,0.045826289367675785,1.0539933639526369,208.29936466038723,3.8311000244140625,66.23193859224803,4.650907701784022,9.813649249477013,90.42309379063329,0.21568685552858838,0.045826289367675785,0.9348491485595704,0,0.9806754379272461,19.689999999999998,4.370861740085284,4.10936055940423,2.1473066987802936,1,0,3.433861394647928,0,0,0.544250830236904,3.3713485742191533,,
349,1.1,379,N,Dry,0,0.65,0.658,0,0,0.019,0.008,0,0.094,72.985,22.968,0.5956788482666016,0.6964863029479981,0.44890666926365275,1.602273768525965,0.36060777026307356,5.390794193043428e-4,0.5609267402619007,0.5956788482666016,0.6964863029479981,3.064103806825526,0.33634887568754307,2.73832113795561,0.5969759846406825,0.0770165266867245,0.6700363690843769,0.5956788482666016,0.706692813173182,16.133323850013884,1.7119281418863936,7.884410539945716,1.3304863157444375,0.2705451523485371,2.964861083709118,0.6140071914672852,0.769799838256836,56.04639619542143,9.419007398882098,19.34990316374835,3.505098791991589,2.4691948196680404,8.585280765901453,0.6140071914672852,0.9530789970397949,232.13824451221527,12.463475843048096,59.92321721246458,5.271085547910205,6.573880492727244,37.92305697867601,0.012039432346119601,0,0.11179983825683593,1.308,0.11179983825683593,-0.5800000000000005,0.2666823510059282,0.40708151152794164,0.3472649360817299,0,3.8155754288625725,1.0827014876014969,2.9068905956085187,2.922197848396367,0,1.0827014876014969,50.30581039755352,1
364,3.85,949,N,Dry,0,2.74,1.182,0.162,0.05,0.189,0.48,0,0.543,73.02,23.005,2.5103396575927737,1.2358751581528609,0.9874306338979683,1.8396567420779961,1.266242193373138,0.01297037078259038,2.2568143786202226,2.5103396575927737,1.2632527055179372,3.225796580541274,0.10994210815429688,4.392747267946731,1.98269733079798,0.17770388392429728,3.1645805952962247,7.209295292089127,1.4317572831217447,10.925170712947471,0.4989087932272519,12.12402123742197,5.577472197858025,1.6324400434366864,6.63331414066988,12.920373093013387,1.859846630859375,41.183174050275,7.763231730373607,37.3100477990244,10.784459680839987,2.749357503255209,11.255525394514496,22.823031902034987,2.3073643168400784,181.97125163878502,13.765213011420757,108.68676821631335,20.512609945520136,7.673872658490949,44.49455266216202,0.06176127320233513,10.180373093013387,0.6778466308593751,3.922,10.858219723872761,-22.02,0.10407425522902372,0.1405265795914434,0.13435772421771383,0,5.3298411765306275,6.775869626379725,4.82781902461732,3.6803243568440163,6.683748813224112,2.959485724992019,30.137684854665984,1
373,0.22,180,N,Dry,0,0.01,0.055,0.012,0,0.048,0.052,0,0.062,72.904,23.01,0.009161455535888673,0.05496870269775391,0.5316161923516967,1.0424649178209493,0.09161459274291993,0,0.1551338547291475,0.009161455535888673,0.05496870269775391,2.1896965201104854,0,1.9896161022829544,0.3206497768955605,0,0.5376863700956457,0.009161455535888673,0.05496870269775391,9.492603549469592,0.005496859130859375,6.584857282834522,0.8816163884271361,0,7.073781738005995,0.009161455535888673,0.05496870269775391,33.336313422375866,0.05475367860382678,25.103190886323212,1.2315143347796271,0.062369849518420645,27.139196262877228,0.009161455535888673,0.15574292373657228,112.76181636609249,1.390225784606934,123.81508366065529,2.12545445098877,1.9413951693456315,87.80857178325586,0,0,0,0.065,0,-0.15,0.35452272770979165,0.5317840915646874,0,0,0.722466024471091,0,0.13750352374993502,0.632268215499513,0,0,84.61538461538461,2
28,5.54,1433,Y,Wet,1,5.138,1.315,0.5,0.392,0.07,1.572,0,0.087,72.895,22.623,4.722085158538818,2.3027011790137197,2.8791416546331665,0.4282914522567449,2.8748376257473813,0.06812792791927563,0.8737613301415539,4.722085158538818,3.6197391885645254,6.5856112427296365,3.557093395053639,1.1184648917104683,3.4873021091595824,0.1112531585154814,1.5468553450191724,4.722085158538818,7.733618593920541,23.359238636621207,8.44242272439396,4.066913579831591,5.534079994994519,0.20211379623413087,5.46651202878765,4.722085158538818,14.128662140930777,76.62876604819503,19.290002743003694,7.798107519453461,10.733676360036814,0.5168462915547689,14.388463577737241,5.974911279973049,25.681053159873816,277.96758917029575,27.555662493636188,19.517059930668243,36.77480854735429,3.6840468200683594,44.94006935497211,1.9482889467785405,0,12.813662140930777,6.452999999999999,12.813662140930777,-1.1499999999999932,0.09169144928586836,0.10730405518235735,0.283826127396131,0,6.034083626615416,7.012754377355938,5.710944154575872,3.8227301479445197,0,7.012754377355938,20.37811870447854,0
41,3.72,708,Y,Both,1,3.87,1.206,0.12,0.02,0,1.154,0,0.21,72.852,22.641,3.554906899261475,1.8406959439834893,2.7436705806058987,0.01639053391101314,1.9700159322761088,0.02755766143798828,1.6968079517499133,3.554906899261475,2.057303127121271,7.090318079504872,1.0307316348864988,0.27150256731220324,2.6160835900639547,0.02755766143798828,2.8926144540704466,3.554906899261475,2.4469641095628925,25.238255096872354,5.1394586222629925,1.2592029956892425,4.745611182487338,0.036743601226806644,8.238217800107467,4.151970850372314,4.346787756314745,83.61064860692338,7.986069510210823,4.132573337429272,9.970330439946792,0.5600499173631854,18.76648726167267,7.313750922974231,8.533526256351845,277.49437470506314,18.91507320208381,13.762623300553873,32.392339107716886,2.243623598435346,55.21817798332961,0.3316287948039934,0.2819708503723142,3.140787756314745,5.0760000000000005,3.4227586066870592,0.5399999999999938,0.11029248534311396,0.1344151986867615,0.28248845027074215,1,5.693765712217783,5.138633713953228,5.3110671022555955,3.707082991771706,1.9334625449942298,5.018272634537628,23.75886524822695,0
56,2.77,642,Y,Dry,1,2.45,0.856,0.03,0.001,0,0.359,0,0.3,72.849,22.671,2.2500330101013186,1.5043114223854215,0.6884260353387571,0.2118395193002739,2.4629896127109907,0,0.8564758983058557,2.2500330101013186,1.8066922619120276,2.5054595502636476,1.452799981100045,0.5539447867599188,4.47532511575437,0,1.4285741330733954,2.286768793487549,2.7186989906370873,14.020536373344868,6.886063495288924,2.192906866652545,10.198926155195052,0.7176309079787311,3.0366673508408493,2.286768793487549,5.218121108503156,58.50562434482356,10.136811858873555,7.16065018273148,23.998216793718523,2.751620546695485,9.064833651574826,4.609284879736807,14.892803218485515,229.67926987169466,26.40651739697027,19.44764645713058,60.20056159137503,8.747192360340193,25.94722326003729,0.3858259326141956,0,4.362121108503156,3.306,4.362121108503156,-1.37,0.1477033902522766,0.18256281680833544,0.322778719014468,0,5.0900065299038175,5.4796577658575325,4.672425341971495,3.257010618206024,0,5.4796577658575325,25.89231699939504,0
94,3.98,1053,N,Dry,0,1.3,5.12,1.37,0.18,0.132,1.806,0.02,0.246,72.896,22.716,1.1935258003234863,5.11285366815006,5.687405500251922,0.604493381132238,3.287547939680511,0.027542627716064454,0.6520629224709904,1.1935258003234863,5.376001870093253,11.01178750806023,3.0331792765508934,0.9778491190263336,4.746947985926609,0.1193524024963379,1.3001984930060893,1.1935258003234863,6.97025282373765,31.419640126612073,7.7648614483373315,1.799378517566756,8.329692326519536,0.2730860068826115,7.154440134800933,1.2486129402160646,9.763358968410119,85.34011984649955,13.331703851865882,5.9205883073425305,18.008415945584154,0.6755667405012542,23.071521591222425,4.1801321844063555,17.26110659520167,289.19465475682637,15.147285961324647,15.54351422029981,50.80497276520374,1.6603373560497803,64.77583530533735,1.6268139133647848,0,4.643358968410118,6.42,4.643358968410118,-21.200000000000003,0.08373361378278063,0.28244259359906254,0.09353722316785136,0,6.026800059343715,5.567837147860665,3.807354922057604,5.705977901682522,0,5.567837147860665,79.75077881619937,2
138,1.44,507,N,Dry,0,1.21,0.21,1.03,0,0.29,1,0,0.04,72.88,22.764,1.1105070655822755,0.22944455108642578,3.950744411567239,0.9269484565734863,1.4374898372276157,0.007558202855727251,0.4194040859596403,1.1105070655822755,0.2569780548095703,8.151083202215451,0.42218026145785464,1.1850756955015898,1.7737940096028644,0.165848815908993,1.1213374597467163,1.1365651365781297,0.540844784970751,28.038250707427395,1.486808406829834,3.418718513366101,3.496386311376236,1.3099449474798466,2.2246584599244357,2.6799379531860352,0.8810766410827637,94.34127027038282,1.495986296081543,5.444331502353443,5.636876377527573,3.9831461181640626,4.071144963675106,3.926772368699616,1.4123247077523025,339.14524703721014,1.67978806255565,14.848712766137213,9.905155612430946,9.781144431538303,8.271056714474549,0.03739498412786746,1.4699379531860353,0.6710766410827638,1.42,2.141014594268799,6.000000000000001,0.28986791839972614,0.3126659862594302,0.7582249184142364,1,3.925999418556223,4.486080139099641,3.711494906650088,1.632268215499513,3.9726356371891836,2.946874263791175,14.788732394366196,0
142,0.99,472,river,Dry,0,0.749,0.139,0.058,0,0,0.359,0,0,72.978,22.756,0.6975485466003418,0.4660394312780044,1.1061802530565448,0.3822133963850433,1.400353374116187,0.1494069696463791,0.1626537782467113,0.6975485466003418,0.6131074897796033,2.7208030933065976,0.09268226791082644,1.318503465971105,2.387756241861979,0.5039372027169021,0.6641505831639904,0.6975485466003418,1.1298949811419319,8.78764823506374,1.328143866382674,5.698319521484375,8.903922350843844,0.7526127227783204,4.871620384446688,0.6975485466003418,2.0693526283742867,33.93260845872469,4.257197507258397,17.82015293186263,21.640673174187157,1.0898049312217566,20.406933631358406,0.6975485466003418,5.1898014988319545,143.3831575855361,4.951813026380353,51.11206252644258,39.49639685815849,1.6796388008117678,111.88152928688804,0.0032393759334788607,0,1.9303526283742867,0.888,1.9303526283742867,1.7299999999999993,0.3580259177217451,0.3687786654683685,0.8137483036851627,1,3.304511041809953,4.343658409010201,3.085764553778314,1.2570106182060239,0,4.343658409010201,15.653153153153154,0
165,2.65,1194,N,Wet,0,0.01,0,2.574,0,0.83,0.296,0,0.121,72.919,22.78,0.009176644134521485,0.05725585020775889,4.479183351554121,2.5755055515364096,2.0026424889478496,0.09029192481845033,0.49730423284194053,0.009176644134521485,0.07856022984224208,7.559396999783983,0.8119106097591625,4.094401745075899,3.653336832598517,0.5995423771188776,0.7832559367430445,0.009176644134521485,0.1468278305053711,27.169019717900888,1.572326179193235,9.670970945204195,7.2854022590727,1.748609474930109,1.2863945195964739,0.009176644134521485,0.2999884537102194,84.45212527098114,1.789470457458496,22.998420681280994,12.278159294786642,3.2493214201115634,6.557953908386231,0.171695709623449,0.9360460952818629,298.0517851399412,1.9860655533315623,40.56373298309325,24.16370331577077,16.35439475743612,31.415940981502164,0.2861708181822534,0,0.2999884537102194,0.01,0.2999884537102194,32.52,4.610225290419493,3.8761687399007294,3.9457949567400608,2,0.13750352374993502,1.9999583549614224,0.13750352374993502,0,0,1.9999583549614224,0,0
98,4.22,933,Y,Wet,1,1.32,1.29,1.34,0,0.096,1.105,0,0.106,73.149,22.713,1.2119046730041505,1.5387522593958238,4.819458625572055,0.784207451617671,1.5424248001098633,0,0.5630374255909639,1.2119046730041505,1.5814175563946893,11.115129333313586,0,1.0094485067360075,1.61191323906992,0.06426852416992188,0.8040161034288593,1.2119046730041505,1.5883304435729981,36.183838465719795,0,3.1659194352931612,1.9816422588034235,0.07823853176939723,3.1396780414117544,1.2119046730041505,2.680879242706299,98.10633281594964,0.42256167112462667,6.8124650674618,3.7940751932450842,3.362676672165815,11.861415491763845,1.52407251663208,5.352673327636719,322.15636439992016,4.945812547490737,17.51557224834667,13.851999325794893,9.99929374538347,31.33247715248557,0,0,1.390879242706299,2.6100000000000003,1.390879242706299,16.669999999999998,0.20117603243041782,0.3511556996656369,0.2667760601453747,1,4.760220946466509,3.89809150274071,3.82781902461732,3.797012977836145,0,3.89809150274071,49.42528735632183,1
99,3.51,1039,Y,Dry,1,1.02,1.456,1.326,0,0.098,0.802,0,0.472,73.179,22.715,0.9364530723571778,1.3529441834393672,4.803175748925301,0.7785447196062873,1.0586891376689838,0,1.8902559150606038,0.9364530723571778,1.4045372322381713,9.223442474299413,0.09155827558928846,1.7668131680567123,1.2301751168883082,0.036723193359375,3.4480955841872274,1.3036916786193848,2.2898299279605645,27.81911572506176,2.0035473823696957,4.232983075726079,2.2553120746807025,0.29627508557487936,8.789118964287253,1.3036916786193848,2.543906374571557,88.70379242090561,6.014913387813195,8.469926587560318,2.9203695222413306,1.596607722275678,19.62014331724578,2.993074060821533,4.94206758665197,300.7340514420002,7.758115969085694,18.6955278394931,6.869549711181042,4.838597104462267,65.33622766940843,0.009181019592285157,0.2836916786193848,1.0879063745715571,2.476,1.371598053190942,8.940000000000001,0.1986360154383113,0.40594516330429475,0.2329113685493647,1,4.687060688339892,3.879311767739515,3.4854268271702415,3.959770155211467,1.939947476578109,3.570349228783536,58.80452342487884,1
124,2.21,560,Y,Dry,1,0.28,1.32,0.467,0,0.02,0.612,0,0.254,73.177,22.738,0.25702441711425783,1.2116897918701173,3.347836735570571,0.18355212907678942,1.1441221692851946,0.055076849365234375,0.559945915222168,0.25702441711425783,1.2116897918701173,8.621956668246403,0,0.1927676383972168,1.3701165333916159,0.056084799553366274,0.5691252906799317,0.25702441711425783,1.5696843872070314,32.68811827765968,0,0.22030574188232424,2.1997546539486152,0.5762249216476142,0.6333805305480957,0.25702441711425783,1.707373154449463,101.56104264552096,0.3763586769104004,1.565505668340945,3.456684503281537,1.137368214970009,2.352998880271164,0.25702441711425783,2.267298719787598,308.5696782837814,1.7191255607126275,20.53289540933946,6.13592016772102,3.9297600172693588,34.30696828348498,0,0,0.38737315444946296,1.6,0.38737315444946296,4.769999999999999,0.26142761778902834,0.7387776110677905,0.2802190672546328,1,4.087462841250339,2.2850267865366867,1.9259994185562233,3.82781902461732,0,2.2850267865366867,82.5,2
277,12,1852,Y,Dry,1,4.23,6.893,2.586,0,0.55,2.404,0.06,0.62,73.08,22.878,3.879017565917969,6.32743450088501,10.289097405051438,1.7850843684387205,2.5158791395628683,0.055020405578613284,0.6742815990582635,3.879017565917969,6.32743450088501,20.523684183128204,0,2.1611697325762584,2.5580258074592144,0.055020405578613284,0.6877673332214356,3.879017565917969,6.32743450088501,59.54007619280342,0,3.472551546633852,2.684648608347575,0.1925759292602539,1.0000648305975222,3.879017565917969,6.32743450088501,140.14068991768627,2.746769539857752,12.362515550952988,7.2073930524040675,1.054603131866455,2.31787682605519,4.007393063354493,7.29025100402832,420.2418034107106,5.236393325805665,31.524164053658875,13.224261937991871,2.7386484164608227,6.243580009026621,0,0,0,11.123000000000001,0,24.669999999999987,0.06323602099590606,0.15553601894285998,0.07110957606183706,2,6.810314561497258,0,5.436295119839363,6.127839600075298,0,0,61.97069136024454,1
319,38.4,3247,Y,Both,1,1.51,8.686,19.542,1.189,0.372,1.2,3.975,6.603,73.076,22.918,1.3843056297302248,8.085850347137452,30.48459414005655,1.2717761295453238,1.283451245880127,5.540124067990174,7.368613005035998,1.3843056297302248,8.085850347137452,45.89659650379858,1.1917768043518067,2.0030614892996996,1.31325437760297,6.388990382044176,8.23820933216469,1.3843056297302248,8.104185664367677,96.55103299321193,1.2101116340637208,6.560385670459224,1.54013999710083,9.3162246140783,11.133016230881632,2.198327035498526,9.51599787243114,203.12232779962577,1.2101116340637208,15.131452570444745,2.5946233793999167,15.029758006376374,17.448120614591115,2.227699942779541,10.762704093170166,505.6691331762529,2.49126733099844,41.90365759812597,3.7424634167061606,35.38825215798173,39.62289099556717,1.1917768043518067,0.6883270354985258,0.8299978724311394,10.196,1.5183249079296652,120.03999999999999,0.07576631604429201,0.45142881282003194,0.06973140490732184,2,6.685940148445977,4.016429378799511,4.008988783227255,6.4571345943180365,2.978794252287319,3.2172274157512546,85.19027069438995,2
320,7.19,1385,N,Both,0,0,0,13.24,0,1.366,0.17,0.61,0.28,73.124,22.926,0,0,18.437610806824924,3.121052371796252,0.15584140014648437,1.7640719345092775,0.42463093367333504,0,0.018334205627441407,25.555352582418422,0.7688183317775352,4.508411913865034,0.18334270935058594,3.179084386632583,0.7078397137630686,0,0.11917252960205078,49.47490676331761,2.899654352345186,9.170147291962868,2.8305277360774026,6.965583086574779,4.39760254090253,1.3973326682685403,0.6274411326449527,120.10296086216043,3.5385291694641117,18.738338184509285,9.249308930421718,8.361112278304754,12.399553677212587,18.605703075510668,2.0581676957194017,334.454473179967,3.978555389404297,49.076546828843675,21.720941228957827,10.74047347897698,46.90809059314503,0.2767404731062347,1.3973326682685403,0.6274411326449527,0,2.024773800913493,82.06,6.37608196665007,6.0574502721839,4.125981653854716,2,0,4.409237357939919,0,0,3.9043228811082655,2.8628305042718614,,
366,1.74,673,N,Dry,0,0.12,1.05,0.559,0,0.505,0.316,0,0.3,73.07,22.996,0.10994895172119142,0.9620550758361817,3.137930262226778,1.6125506254996507,0.29319760818481444,0,0.8370521935197419,0.10994895172119142,0.9620550758361817,7.9304851682894855,0,2.0275910417235132,0.29319760818481444,0.01832486572265625,1.2714610576135972,0.10994895172119142,0.9620550758361817,28.572713768896957,0.009162498474121095,4.132328693228329,0.29319760818481444,0.46139208920946306,4.23277862147911,0.10994895172119142,1.0903258140563965,78.56066837146834,0.23588180619782093,14.301174042840094,0.29319760818481444,3.3756214525080668,15.482517216569489,0.10994895172119142,1.1178116111755372,264.90907127505153,1.0469482999046174,51.67317348424277,1.8567725298384121,17.538048538234936,41.31243594594619,0,0,0.04032581405639646,1.17,0.04032581405639646,5.500000000000003,0.3295957909693964,1.7626110227040919,0.18868913056020106,1,3.6667565918848033,0.4887804286689578,1.1375035237499351,3.523561956057013,0,0.4887804286689578,89.74358974358975,2
367,6.89,1036,N,Both,0,0,0,6.547,0.02,1.591,0.13,1.723,0.01,73.087,22.992,0,0,9.483937326351992,3.86931427076452,0.6127921314972522,2.3099116746760346,0.22906623306274415,0,0,15.668362352713794,0.03542926027784161,4.894430712289249,0.8416818925745347,3.242463984261308,0.3509110270002777,0,0.42440589315975413,38.819577703381725,0.4431488240529977,9.977754493611652,1.6060752069091797,7.290122700126496,0.9256482377774108,0,0.4673100830078125,92.50722504313151,3.5259217439748727,26.589085440760595,4.5459075087633325,15.695832791933546,4.432010237537459,0,0.5039606063842774,306.8523361127312,5.259402087402344,72.086368726657,10.070707059577494,26.958465033775767,19.13685899899053,0.01832543182373047,0,0.4673100830078125,0,0.4673100830078125,31.200000000000003,5.008988783227255,4.548436624696042,3.292781749227846,2,0,2.504137505778786,0,0,0,2.504137505778786,,
23,5.16,987,N,Dry,0,0,4.432,0.945,0,0.01,0.092,0,0.123,72.619,22.621,0,4.281188028717041,5.5594289100138345,0.17804922009636373,0.16536717987060548,0.3080759639964384,0.1378075607299805,0,4.281188028717041,12.054281034836114,0,0.24754754895677752,0.16536717987060548,0.6251951382177017,0.1378075607299805,0,4.299562630462646,38.75655344644281,0.045934608459472656,0.8225527109781903,0.18583136053945506,3.134220865939272,0.15996524442784926,0,4.542033505012662,108.12075558918369,1.1419008414324592,3.4293614436819038,1.8328547884683049,8.49534392384847,0.8108558831667433,0.4845451220972398,7.980974636050953,286.7167403581595,29.35912499290915,23.071006243564387,10.376254375239352,42.53313083901499,6.892854034887576,0,0,0.11003350501266151,4.432,0.11003350501266151,3.3199999999999896,0.12365558966612665,2.4059923596758366,0.12070910999762978,1,5.5020759560457915,1.0706194881768865,0,5.5020759560457915,0,1.0706194881768865,100,2
2,20,2149,Y,Wet,1,0.27,33.962,12.4,0.25,0.13,4.278,0.11,0.481,72.615,22.533,0.47803535156250004,34.54376174684113,24.639965294210388,0.5397479917339251,4.87525544716031,1.221613052209592,0.7415189774905934,0.5331930114746094,36.0642895777235,36.56634283357508,0.5975211311340333,0.7089706195936016,5.427325128667495,4.600284522797828,1.206327792232738,0.5699650299072266,41.695707551694404,76.05182835962927,1.6206555117917527,1.3024423301188153,7.130367924050726,16.44017411643534,2.01230774990007,15.402101019741881,52.15572509847903,138.95395389780094,7.008983857730043,3.8757955911763515,13.722734381097533,44.096876460140464,2.7026973705875172,91.07892480150717,77.46848216520728,304.49801363750396,29.86153259581323,13.967886207625448,24.974640509493963,103.49311467752193,10.72449823185042,0.29881577060475073,15.132101019741881,18.193725098479028,34.232000000000006,33.32582611822091,8.769999999999953,0.024641152401199115,1.7071642754332728,0.023764948221179458,1,8.423410093269615,8.384819406695664,1.8875252707415875,8.41201933722131,7.250971141560882,7.515205066605525,99.21126431409208,2
14,4.99,1677,Y,Dry,1,0,1.48,4.238,0,0.548,0.1,0.056,0.02,72.559,22.584,0,1.405986812591553,9.51448205158309,1.0085030682432885,0.9131457611502852,1.5791144906496537,0.04753256138820274,0,1.4699518397462135,16.05923207747814,0.01837874526977539,1.0843602928161622,1.1292242888955508,4.31150893775192,0.14281351134356332,0,1.543069668785544,38.56966850122192,1.1959744773176604,3.139094352533677,1.6383880708133474,15.768565634975065,0.4043333541870117,0,2.014029145498837,91.3646588312545,5.828223478698731,7.137897717159498,2.1543646622482004,47.03255824678312,0.6455961950893029,0,2.9589660804748537,316.71955641097736,7.378934453582764,12.656050464866489,4.114271506108303,113.7882065112125,2.3340639640808107,0.01837874526977539,0,0.5340291454988368,1.48,0.5340291454988368,20.540000000000003,0.3280687667379361,1.2630344058337941,0.32448150019886296,2,3.9818526532897405,2.66454916071196,0,3.9818526532897405,0,2.66454916071196,100,2
117,3.49,863,N,Dry,0,2.55,0.758,0.11,0.108,0.05,1.802,0,0.08,72.969,22.726,2.377670009613037,0.9804076663267847,0.8803656234172746,0.6624861391194662,4.0946543921736165,0,0.5949877170936734,2.377670009613037,1.0098203277587892,3.1262858331298813,2.421727953335632,1.4273189432869708,5.813831164087033,0.08362862620933384,1.1143733656011847,2.377670009613037,1.137188165591371,19.290235827020386,8.083438933943208,4.310232341284658,8.717715359491088,0.5481177847020766,2.601840574310901,2.377670009613037,1.7166960136413576,77.07691194709028,11.105868217725567,9.37173809237312,14.580576463557225,3.316354141735002,8.076102398077273,2.4143903526306154,2.6739804039091224,299.1951745753776,13.540845560455322,20.532351321704336,25.382188607138843,9.471693209518733,32.204215469432164,0.9510299304229137,0,0.9586960136413576,3.308,0.9586960136413576,3.7200000000000033,0.15376509182317225,0.18695080416554244,0.3453932545425275,1,5.090853430451113,3.404216498600509,4.727920454563199,3.1009776477248208,0,3.404216498600509,22.914147521160825,0
144,2.55,958,N,Wet,0,0.53,0.26,2.559,0.15,0.86,2.19,0.07,0.27,73.029,22.76,0.569033024597168,0.45353723027846393,4.7601642220052085,2.1008568253371296,3.4497716142871333,0.11521111872055952,1.406494838448319,0.569033024597168,0.6012488807020001,8.940561563541188,1.457725774560068,3.0528805654907227,4.411554384714761,0.3028768737792969,2.1969889412883683,0.569033024597168,0.7434196395874024,28.462391128881126,6.035754916127522,6.626874565028772,6.09259615161073,1.1387507671251484,4.798742893790451,0.569033024597168,0.8627356079101562,85.12302954638318,11.600997372427548,12.993966800857242,13.412554922425509,5.193285524417654,10.351107835525815,1.193116774749756,1.8732559387087353,306.5228807986685,12.343410961728564,29.162462066072965,32.97989414794024,9.396808004389746,34.4785169691976,0.54755039444867315,0.039033024597167953,0.6027356079101562,0.79,0.6417686325073242,10.8,0.48315996905269815,0.6320401036967841,0.6368838192299573,1,3.1538053360790355,2.8909692612583573,2.655351828612554,1.84799690655495,0.4754276078668363,2.8129820023811254,32.91139240506329,1
145,5.23,1522,N,Both,0,0,0.061,4.191,0.18,0.964,1.038,1.228,0.082,73.076,22.752,0,0.32614586589439243,6.49652907351625,2.01390325465782,3.114064254311953,1.147312624359131,0.9718006874952125,0,0.6400168855524998,9.482769013552202,0.6393257328916064,3.2883083128626205,5.237040144943536,1.1656696594238283,2.5560092894999187,0.4038546142578125,1.4129593136477003,21.477769942914176,1.2905331274384144,7.1064514418658105,11.542992316200406,1.202383098602295,13.185881220607381,0.4038546142578125,2.4399608365436634,66.30068034815172,1.5003802283073877,11.607515918899239,17.659533390993605,1.266633864593506,45.005975798755735,1.0463166229248047,3.8051299338815734,235.12434399015214,1.6585008485861386,37.07834867538451,32.33750052247589,3.8000078018188477,125.19606695562622,0.4273201561931536,0.4038546142578125,2.3789608365436634,0.061,2.782815450801476,3.19,1.4056114321949031,1.765534746362977,0.7844934197725429,1,0.6870606883398922,4.849406577666927,0,0.6870606883398922,2.333007508432858,4.631663574310969,100,2
170,2.43,1056,N,Dry,0,1.698,0.738,0.175,0.04,0.02,0.509,0,0.191,73.049,22.787,1.5599584915161133,1.0509486565653485,1.0438630204653274,0.4522634616417978,2.0224725737208944,0.009176213073730469,1.301692496927299,1.5599584915161133,1.2021229378225289,2.92215698342716,1.1411941676569919,1.1544414618219112,2.9619727578466084,0.03670465774536133,3.206275894174015,1.590977201382506,1.425409393609739,16.594220067835785,1.45631449508667,4.1689135771927175,6.72877567637425,0.11511637923595952,9.615499345359055,1.6517191360473633,1.5783103828430176,69.0490755472819,1.6878450209703633,12.17380431913189,9.883986251765235,0.5783587271327599,21.979367122177425,2.2757188858032227,2.1735481040924673,285.56945106358535,1.8168907081604004,29.22315268345253,22.898322626453485,4.971217981121587,40.327511524089736,0.5979638815487133,0,0.8403103828430176,2.436,0.8403103828430176,-0.8499999999999996,0.1819912688916449,0.23528124277286705,0.3284902853707797,0,4.664482840364682,3.233137048147863,4.168321115739722,3.0669502439246266,0,3.233137048147863,30.295566502463057,1
78,4.72,1277,Y,Dry,1,1.63,0.29,1.756,0.06,0.314,2.282,0,0.898,72.97,22.685,1.4968096496582033,0.3358420132984835,2.8754376220463773,0.7611001251071107,4.350214901972754,0.03377824003331801,3.0753338088989257,1.4968096496582033,0.7150820752072803,4.639129783011043,2.0862676356416587,1.2983138286186668,5.971881241748285,0.3750890450690775,5.237213037635954,1.4968096496582033,3.2128290067425893,14.176094236513027,4.6924319847106934,3.141067565199908,11.757156103958431,1.3626459553019206,14.835962746964992,1.4968096496582033,11.422783412592269,55.19954364944161,4.925028265479593,7.104955078367345,21.02149902610031,1.4692369674682617,37.728732065582285,1.5427217674255371,33.999421685620476,207.62405996339695,5.483057418314616,17.696709559685203,43.644752777524445,2.4150616455078127,116.16638268874527,0.875358651823156,0,11.13278341259227,1.92,11.13278341259227,37.019999999999996,0.28903205903705237,0.3033484111817102,1.112233613366228,2,4.336283387864432,6.811571652507047,4.112700132749362,1.9634741239748859,0,6.811571652507047,15.104166666666666,0
146,30.8,3669,Y,Both,1,0.7,5.322,16.046,0,1.011,0.163,0,11.697,73.104,22.77,0.6424254547119141,5.332074873352051,27.038086553359697,2.7507537452159214,1.272911019263174,0.010005263770608341,14.809898493290317,0.6424254547119141,5.415789110732733,41.63195381885903,1.375963635559082,4.6098450125720465,1.8822289536120844,0.26780434641520184,17.05199864658729,0.6424254547119141,5.496768353199678,93.42141818201708,3.9810671155772495,8.824094690988575,2.784874859487496,1.421140859042897,25.478031620869356,0.6424254547119141,5.608051872528675,221.89267391580023,4.029007525634766,12.32286154106289,3.4795284205567603,5.537005514906342,32.33046893658507,0.6424254547119141,6.522230542300356,564.0902027963107,4.3843398210503075,23.355756040167716,5.988922394711364,27.958724992005585,54.382020551063704,0.3807100565801883,0,0.2860518725286747,6.022,0.2860518725286747,235.98,0.13419291580612927,0.6058116644955703,0.14890753758933453,2,5.935931139752267,1.9487947107366241,3,5.760753208062987,0,1.9487947107366241,88.37595483228164,2
412,3.96,1725,Y,Both,1,1.16,0.57,5.782,0,2.947,0.62,2.52,0.23,73.084,23.086,1.0621567291259766,0.5402346473693848,9.641245071423095,6.633593986203062,0.5677029335021972,5.2535051292449335,0.503607967376709,1.0621567291259766,0.5402346473693848,15.397772800631053,0,9.102702651373171,0.5677029335021972,8.845850681538304,0.5786185539484959,1.0621567291259766,0.5402346473693848,31.773619971992634,0,23.02654344341801,0.5677029335021972,20.86771315519145,1.8562948207421397,1.0621567291259766,0.5402346473693848,70.5210485760259,0.10082933111751782,60.18848029747757,0.6134859352111817,46.68960140608546,2.8293648040771484,1.0621567291259766,0.7142041130065918,199.93798268751567,3.113144532775879,178.72040374256218,0.9522617164611817,114.60293382349354,5.414777960740632,0,0,0,1.73,0,2.9999999999999982,0.2411356024775123,0.31308400363551897,0.4159099047598219,1,4.19377174339668,0,3.655351828612554,2.74416109557041,0,0,32.947976878612714,1
421,4.78,1323,Y,Both,1,0.88,0.985,0.589,0.28,2.731,2.12,0,0.14,73.107,23.107,0.8056427719116211,0.9561811115638883,1.659747845895805,8.152104763970469,2.0766159806105673,0.3301924745746687,0.15624645446777347,0.8056427719116211,0.9704342651367188,4.314915751606063,1.0682325255150888,12.012761831527412,2.1853284394417556,2.1180123107222015,0.19225655670166017,0.8056427719116211,1.0063722343744017,15.231330286198041,2.7647917268880207,24.738738763670085,2.33418007737702,11.761324823811846,0.23806804215075922,0.8056427719116211,1.0070543701171875,53.00581932964854,3.2408887199401857,59.83029972342993,2.3803150749206545,26.893693709429577,1.1810207015991212,0.8056427719116211,1.907616969936595,191.15777997709387,3.3232839881896976,163.3242803388857,2.499335070037842,78.14096205451219,2.6056087082118617,0.6409612459848442,0,0.022054370117187472,1.865,0.022054370117187472,29.65,0.2861840072005369,0.5407542047068192,0.31787105540508087,2,4.296457407371244,0.28752395127247465,3.292781749227846,3.439623137557117,0,0.28752395127247465,52.81501340482574,1
429,2.12,658,Y,Dry,1,0,1.71,0.23,0,0.465,0.17,0,0.418,73.149,23.127,0,1.574431398010254,1.0846154953182443,3.109341605796067,0.40390845301310224,0.16103211647183288,0.9205750645536535,0,1.5835851501464844,2.5826512654771996,0.009153716278076172,6.55148227868473,0.44852779617309574,0.582171384902655,1.453646134338379,0,1.5835851501464844,11.948050585033945,0.009153716278076172,20.33265495691636,0.5675246543884278,3.4242153408544214,2.397446920372459,0,1.611046263885498,39.25846780795527,0.2837703956604004,55.5090908290788,0.8151383806445552,11.33637850363339,7.632210861693737,0,1.6665403941853842,167.51379899442477,0.4513821864288929,159.2553794806537,1.240399238505644,42.860172853507244,12.551057207749311,0,0,0,1.71,0,4.260000000000002,0.24767117586013618,3.9726926540042644,0.16228422056078629,1,4.177917792195843,0,0,4.177917792195843,0,0,100,2
382,2.56,1828,N,Both,0,0.16,1.01,6.61,0.77,20.04,4.79,0.06,0.31,73.17,23.022,0.14657043457031252,1.1155172580973307,10.816422697843663,28.129763184931146,4.846764981411204,0.11269359754674575,0.45669677891749966,0.14657043457031252,1.1817237815856934,17.471539493267585,2.7813314971145933,35.2821197265625,4.998077752562879,0.4873819598628025,0.5646849147961187,0.14657043457031252,1.3099699607849122,45.060047181605945,7.286435923602536,55.5970275073302,5.527126493219114,1.8066927925020109,0.9320780336776434,0.14657043457031252,1.3832544136047364,113.05458199029668,9.233662631225586,97.11150218938488,11.997058174680824,4.301456072537292,1.6917850021631582,0.14657043457031252,1.3832544136047364,341.2938340415241,9.292253529546402,214.4187513942976,16.034597527779972,11.993565405545702,2.463118372479607,1.228405013254203,0,0.37325441360473643,1.17,0.37325441360473643,18.5,0.3908247341712509,1.4643672777144632,0.37710509417219223,1,3.6667565918848033,2.2426159606695486,1.3785116232537298,3.4724877714627436,0,2.2426159606695486,86.32478632478633,2
423,0.77,385,N,Dry,0,0,0.169,0.01,0,0.436,0.205,0,0.022,73.164,23.122,0,0.25631318359375,0.12654080790201822,2.561690701344807,0.2633128183701459,2.5128803627163756e-4,0.24511293244305782,0,0.2746213653564453,1.5009342565888049,0.2258007598128973,4.808341671229344,0.2970931047925762,0.18376245650347542,0.4017367170984605,0,0.3336372899134019,11.557199149346447,1.1765363685787424,14.18176709121705,0.5429262082896514,0.576702961730957,1.325890856775022,0,0.4119308212280274,38.01197348035926,5.412504974966611,44.73857910299563,1.2200045213138357,1.5160889475863588,6.279612591959634,0,1.5195625640869141,147.11385331254542,12.286718758317535,165.01749591161095,2.526504618835449,5.183618671638639,16.994910358743102,0.00886688834994447,0,0.24293082122802737,0.169,0.24293082122802737,4.03,1.0217328003732473,1.4594316186372973,0.8599426958318072,1,1.4276061727818996,1.7779175736657147,0,1.4276061727818996,0,1.7779175736657147,100,2
163,3.77,967,N,Dry,0,2.32,0.58,1.3,0.03,0.721,1.01,0.02,0.08,72.848,22.793,2.128798731994629,0.5690472618103027,3.8534812450693163,2.21559029995189,1.5945546421185663,0.42978521251304486,1.014850646649529,2.128798731994629,0.5964311264038086,8.536816511565561,0.02752754669189453,3.656892495470235,1.9913865751019648,0.910271075708726,1.4180137710092582,2.14401994555305,0.743173733182421,27.573208591954852,0.14318010741289924,9.710766116557403,3.300629076977898,3.8918794962415517,3.1604766218836167,2.486660799407959,1.00431211702833,82.65522199847359,2.2309192961778828,23.285849811706555,8.694485788822547,8.27349234925214,5.3887335768785665,5.569856900024415,2.541750872039795,265.4432461375727,3.7254736289978028,77.95017381520591,25.043912046042053,16.45467912936043,20.707054503727328,0.02752754669189453,0.1666607994079592,0.42431211702833005,2.9,0.5909729164362892,9.600000000000005,0.17691428417307492,0.19970619893242733,0.5289610503510636,1,4.906890595608519,2.7886291634517257,4.596935142387232,2.765534746362977,1.4150057564357328,2.3904258874043016,20,0
194,3.9,949,M,Dry,0,1.01,1.918,0.347,0,0.06,0.203,0,1.801,72.947,22.814,0.926617936706543,1.8180454092885936,1.9729762289787742,1.204907880676868,0.7057093418136299,0.01834890441894531,3.784395427431592,0.926617936706543,1.8997869482362035,5.441396550505395,0.04565581560621075,2.153579557507085,1.9125859700820027,0.036697512817382816,4.893812486715879,0.926617936706543,2.825713800811768,19.854841462186933,1.4384648293439082,7.615528856874354,5.78964225809733,0.6592918359913547,8.045174085543762,1.434541483857398,3.9146004863185517,66.19853572315587,6.456102840770646,20.10525267037783,12.806735540711646,4.657369818207984,12.42240125234267,3.935746825408936,8.413974428731882,233.90551804007725,34.016641350349,48.115363591027354,27.648333084279965,26.724690580758466,23.663686592036225,0,0.424541483857398,1.9966004863185518,2.928,2.42114197017595,11.239999999999997,0.17753416573920594,0.4463239919267455,0.17473086281801722,1,4.920293300211007,4.656005456202339,3.4724877714627436,4.3348542693316325,2.3910568742109186,4.38998007252661,65.50546448087432,1
219,1,378,Y,Dry,1,0.75,0.19,0.39,0,0.21,0.6,0,0.02,72.904,22.823,0.6880370765686036,0.17430284423828127,3.213396630099429,0.6763457246638279,0.7103427539002661,0.00917384262084961,0.11008653106689453,0.6880370765686036,0.17430284423828127,7.356553815391393,0,1.2710614999928194,0.7544491966097964,0.23992092241474225,0.2197059090498382,0.6880370765686036,0.17430284423828127,25.981434286098107,0.009173825073242188,3.9894253919773477,1.195298784083946,2.1329510413166117,1.2359558563711128,0.6880370765686036,0.2568684371948242,73.13582221358652,2.456125924996769,14.333382957796584,3.462648839886235,9.515690063485525,3.8736546394318228,1.1373523651152966,0.7644255269188974,243.42398155283635,2.9618854813100777,44.96432832792993,13.88628944835887,47.16601600326239,14.703450240756768,0,0,0.06686843719482422,0.94,0.06686843719482422,4.699999999999999,0.37658429273439586,0.4273256724117074,0.6508707830143405,1,3.3785116232537296,0.7387110978478861,3.0874628412503395,1.5360529002402097,0,0.7387110978478861,20.21276595744681,0
291,0.75,389,N,Dry,0,0.29,0.128,0.472,0,0.145,0.653,0,0,72.826,22.902,0.2658916000366211,0.12836145248413086,2.7059409932454432,0.8226993077416513,0.6418061584472656,0,0.422725940542782,0.2658916000366211,0.12836145248413086,6.577453609487496,0,1.46130573595234,0.6418061584472656,0,0.8913668671402276,0.2658916000366211,0.18197051992079794,23.260214799819643,0.6055968189194624,4.628515483227899,1.2940481589104147,0.34769361219219136,3.6536282365806447,0.2658916000366211,0.5255207217287551,65.21852704207772,2.5666766954579074,18.473910738283042,3.0543782334002327,1.5607025275765214,14.162291150587492,0.2658916000366211,0.804496988139433,211.04504441176184,6.295735820632635,59.293581616501115,6.465880132177017,4.5295680125427245,77.04234023024911,0,0,0.3975207217287551,0.418,0.3975207217287551,6.460000000000001,0.6835944311068647,0.7636399050465772,0.9872638480408854,1,2.372952097911829,2.314756615129129,1.9634741239748859,1.1890338243900171,0,2.314756615129129,30.622009569377994,1
292,0.28,219,N,Dry,0,0,0,0.267,0,0.028,0,0,0.009,72.876,22.898,0,0,1.024330358811921,0.6838224859559303,0,0.041493715224920534,0.36172280453551053,0,0.0183379638671875,2.7361491900156056,0.03667575607299805,1.0539954660512887,0,0.05501338272094727,1.6004631004273662,0,0.0183379638671875,9.632692053844972,0.055013726043701174,5.186339080786613,0,0.22005523834228516,9.888231408532835,0,0.19297719422284296,38.535353650153674,0.08252102508544923,16.289587987057548,0.46854502884509514,0.27506962890625003,32.90335650693109,0.3759255180358887,1.4131348575277891,151.10318569605803,0.7791612855529786,67.23791836233696,2.877838427109064,2.3709616326066563,107.38259986005302,0.00916888427734375,0,0.19297719422284296,0,0.19297719422284296,1.59,1.372952097911829,0,1.372952097911829,1,0,1.5507883675071257,0,0,0,1.5507883675071257,,
221,3.59,878,Y,Dry,1,2.37,1.793,0.59,0.02,0.12,0.683,0,0.166,72.964,22.832,2.1740652809143066,1.706231037902832,2.617121804031671,1.4257066224939685,1.9518124885768522,0,0.9058904076101266,2.1740652809143066,1.715404372406006,5.330770900995591,1.4392610447932224,2.7673787025870533,3.373872965031044,0.12770624242146814,1.5977734342088892,2.1740652809143066,1.715404372406006,23.129226211978683,1.8529886993408204,8.965062673034668,6.246154968118106,1.215688992330514,4.015586067489924,2.1740652809143066,1.7245777122497559,86.14826038129618,1.96306841506958,19.579743501727535,8.250114729715984,6.393627544780057,5.256141267233455,2.1740652809143066,2.0272924507141115,272.4999569143766,1.9814150299072266,58.419314231334,11.127100235748292,45.75057553853055,18.45180672853358,0.49146969371421667,0,0,4.163,0,1.509999999999998,0.12817299377210625,0.19962499342359863,0.20453479389906593,1,5.413797150189212,0,4.626439136697315,4.24260250592898,0,0,43.06990151333173,1
201,8.87,1471,N,Both,0,2.26,3.08,4.678,0.12,0.737,1.634,0.3,0.743,73.148,22.811,2.073462783050537,3.036824658203125,10.055400524980133,2.130514393795238,1.513807359313965,0.770016853796267,1.1063557383817786,2.073462783050537,3.036824658203125,17.850836371534758,0.4779833714773141,3.0477380448584466,1.513807359313965,1.1787349901775286,1.5398686866700417,2.073462783050537,3.0643489486694335,47.67225367484296,2.0471180278254493,7.242405628665102,2.7160360397428627,2.3696485763280535,1.9095578708125098,2.1390555262247726,3.285051703521131,124.36953342762673,4.155990370722752,15.447180981370517,7.489320798812568,3.7799806510925293,3.4269138570957556,3.16526535044053,5.292915207073736,375.7533172022324,6.0991825893656415,27.050281664853575,14.932250713575774,23.05085946117925,15.34915129482194,0.28531424672743855,0,0.20505170352113078,5.34,0.20505170352113078,4.199999999999999,0.10795641102086187,0.22656596988893582,0.13334321790357578,1,5.765534746362977,1.6090537872388124,4.560714954474479,4.990954860396993,0,1.6090537872388124,57.67790262172285,1
280,3.1,1040,N,Dry,0,0,0.872,1.614,0.47,0.763,1.843,0.111,0.05,73.164,22.876,0,0.8528461265563966,3.3445481858257233,2.7523540969040816,2.587381879697313,0.233250271507712,0.13906553389605353,0,0.8620165939331055,6.690745374061733,2.969139306532916,4.450444968776328,2.968582782407274,0.46495495402616616,0.23565962157006357,0,0.9170398750305176,27.95354814337336,5.470171400658103,9.141687877819585,4.19213723175348,0.8717650327794693,0.8083448005706189,0,0.9812339492797852,99.70493549546485,5.649014213562012,14.90812604237276,6.095569404033586,1.5887972136104809,2.5130991167614507,0.09170818710327149,1.7218657836854225,353.91213544206806,5.9333047119140625,30.152268502284024,9.623104892326804,4.000429800851859,6.973612145382751,1.4492507846368528,0,0.10923394927978525,0.872,0.10923394927978525,28.28,0.5399102380085993,4.733354340613827,0.37369014562752184,2,3.2809563138310565,1.0651169552362414,0,3.2809563138310565,0,1.0651169552362414,100,2
285,3.75,839,N,Dry,0,1.28,0.9,1.83,0.07,0.63,0.97,0,0.89,73.307,22.885,1.173732342529297,0.8344478782653809,6.490040793074069,1.2781552149424833,0.8894680007934571,0.009169779968261718,1.444619058628456,1.173732342529297,0.8344478782653809,11.744324703381109,0.07335803756713867,2.5975176384959497,0.8894680007934571,0.1343451044748344,2.207796328729368,1.1978250279774387,0.8894668785095216,30.635061902397,1.7473914168713138,9.25785382460052,1.1060863975913853,0.5233574876643163,5.807645809954476,12.757031085979987,1.0947263477639593,71.9406164722697,3.9370179259984632,21.5467156215563,8.089548693820726,3.2334080521347945,12.089841490693937,23.756174422972435,1.7055848670959473,283.81423633168004,7.629331774139405,45.3582334674192,17.67734687637927,13.9868529713051,24.33142771761128,0.07335803756713867,11.477031085979988,0.19472634776395925,2.18,11.671757433743947,19,0.23620311566638244,0.29243651519787833,0.4722466024471091,1,4.5109619192773796,6.879185909613839,3.786596361890807,3.321928094887362,6.855121513334879,1.559376039387175,41.28440366972477,1
198,13,1575,Y,Dry,1,2.21,1.23,7.803,0,0.243,3.413,0.016,0.201,73.078,22.819,2.0275007614135743,1.1284231857299805,14.262582386468623,0.5475313057663862,4.061517893455356,0.2326993697312299,0.2018308807373047,2.0275007614135743,1.1284231857299805,22.131447556442566,1.1225759417215986,1.1902588942583872,4.32206305499507,0.9795902027444278,0.21161649795532228,2.0275007614135743,1.1467711616516114,53.286662445176106,2.0549798210144044,3.0027216905571437,5.128342037963868,5.960539631168143,0.5751950048768287,2.0275007614135743,1.498744357889213,136.14692908477497,2.385260255432129,6.258532310446946,9.485560543141084,7.691131539079254,5.362913862190996,9.203286114840042,17.531528146323414,378.430011190368,3.939703079367245,20.272561996741203,20.998175641371784,21.57599650862451,10.678810380177215,0.34073438279694196,0,0.268744357889213,3.44,0.268744357889213,43.900000000000006,0.17822737177448067,0.22257992547116093,0.4129212854383214,2,5.145677455195635,1.8826209750363483,4.529820946528695,3.733354340613827,0,1.8826209750363483,35.75581395348838,1
306,21.6,1849,Y,Both,1,33.9,0.907,4.624,2.35,0.891,6.084,0.323,0.06,73.259,22.897,33.401853640504726,1.560523854271384,15.370127963858215,4.42370795646817,9.47913979678285,0.8647861165783453,6.305574642154471,33.84265602553723,2.1494684887635476,32.37614285369869,4.317793810703053,8.068272263874725,10.003429060279997,1.5772526854541258,13.926196399431415,35.42399526360905,3.6492748405456545,100.01906914008048,5.414575318418017,18.921927287564746,11.628590750035306,2.6492972113575655,26.84254177386116,40.60477781128229,5.378943457907883,250.12525770429434,5.675700981903076,32.06221259136127,15.63071354864981,5.975277416833617,41.194223324785426,51.56233092850928,8.597139516906738,641.6195477924583,7.463324203560024,57.72006627609255,24.011860627779495,28.624443491866163,71.79305306541896,4.1390496344801955,6.704777811282291,4.471943457907883,34.807,11.176721269190175,23.230000000000004,0.024465928913868708,0.024890313972559287,0.43272611763834,2,8.447372562961556,6.817203851813536,8.409390936137703,3.33199177823206,6.088476150695338,5.514735656466807,2.605797684373833,0
105,3.12,834,Y,Dry,1,2.9,0.05,0.55,0.117,0.05,0.893,0.01,0,72.613,22.732,2.6621568679809573,0.13935421422920974,3.673993311776553,0.7837810640013453,1.5927585465255438,0.15325045928955078,0.08593139894672468,2.6944839886893477,0.29721028425628065,8.633312274424233,0.200660549029182,1.0626340685676128,1.919416677829518,0.5912926482735429,0.3597795306097292,2.9571384769873528,1.107268712747611,30.808679778188083,1.943108673688103,2.024390636743284,3.4158134148212507,1.1884464123235967,1.1015814758300781,4.039115473937988,1.5708968140934965,97.74751278702081,3.3414187995910645,2.8837197942038135,4.927278146580716,7.843272419313918,1.2484550338745117,4.406326148986817,1.891028266143799,325.04540344460275,4.543362372969085,18.828231545805085,8.698352812724394,31.621464211246263,3.3857660767618816,0.15605720596313477,1.1391154739379883,1.5208968140934964,2.9499999999999997,2.660012288031485,4.550000000000005,0.1682407389876479,0.16340245264369144,1.7470576069679185,1,4.930737337562886,4.7866027850221915,4.906890595608519,0.5849625007211562,3.631238734274644,4.018720347042088,1.6949152542372885,0
129,4.44,998,Y,Both,1,3.08,0.284,1.244,0.05,0,1.015,0.11,0.001,72.609,22.748,2.827054047393799,0.39468696060180664,5.369998867633298,0.11014584579467775,1.028020573425293,1.2806262979604683,0.13192182212679995,2.827054047393799,0.405953367545932,11.255810664846384,0.04589381256103516,0.3371653578066359,1.028020573425293,2.3900253073209874,0.14685968170166017,2.827054047393799,0.4639786433051614,36.9516257711134,0.08476879448984184,1.294806671516568,1.028020573425293,6.238571025264965,0.4038648147583008,2.8370968223392268,1.3517722056998458,104.65064312920363,0.4769021449728574,5.000064842999028,1.5023197550994278,13.873049449708239,1.9900244093621944,3.028988218688965,2.298148959951962,341.3141583991228,1.385999201965332,19.573727578738335,4.5188625608646165,36.5941306395916,4.616627707800771,0.04589381256103516,0,1.0677722056998458,3.364,1.0677722056998458,9.330000000000007,0.1575764326627576,0.15415325721102965,1.0191686228705987,1,5.114367024952,3.5456869737642442,4.990954860396993,1.9411063109464315,0,3.5456869737642442,8.442330558858501,0
181,6.93,1232,Y,Both,1,6.47,1.328,0.65,0.61,0.25,0.887,0.06,0.09,72.576,22.798,5.954879993438721,1.4680798698425295,3.018450385448979,1.3705314696786919,1.8414200892100614,0.23381320147645243,0.2451134580664541,5.954879993438721,1.7413617474694347,6.6175257448084235,6.601225451881559,1.9710020703902902,2.550122387832941,0.47791788599949264,0.3450008305358887,5.991581076812745,2.6258643276738187,24.70050230779611,14.783461337094774,7.03957057022394,3.634197252723844,2.370694853327134,1.301731345873066,5.991581076812745,3.120504486374201,84.64871703532805,20.02716900555779,16.252725883723247,5.550434979230096,15.074389842634014,3.046102224088183,6.349427039337159,4.447640588016884,333.10029223621723,21.555090111191696,32.61412654902141,11.000613186319388,34.32450612485699,9.364110088638606,3.097534711949965,0,1.7925044863742008,7.798,1.7925044863742008,-12.58,0.07664106528816868,0.08363859251701702,0.31365348774740487,0,6.303415462685624,4.242224815157624,6.037821465434967,3.835924074254375,0,4.242224815157624,17.030007694280584,0
