grid,area.ha,perimeter.m,canal_ge,seasonality,canal,wetland,wetlandVegetation,agriculture,built,shrub,roads,bare,vegetation,longitude,latitude,1_50,2_50,3_50,4_50,5_50,8_50,1_100,2_100,3_100,4_100,5_100,8_100,1_250,2_250,3_250,4_250,5_250,6_250,7_250,8_250,1_500,2_500,3_500,4_500,5_500,6_500,7_500,8_500,1_1000,2_1000,3_1000,4_1000,5_1000,6_1000,7_1000,8_1000,6_50,6_100,7_100,7_50,wetlandL,wetlandVegetationL,wetlandTot,wetlandTotL,change,winterRsummer,winterRsummerOW,winterRsummerWV,changeSign,logArea,logAreaL,logOW,logWV,logOWL,logWVL,perWV,WVclass
85,1,523,N,Dry,0,0.873,0.46,0.454,0,0,0,0,0.01,72.633,22.724,0.807870532989502,0.5508213768005371,3.838644998354444,0.05375021303663067,0.02754122085571289,0.0681867962736242,0.807870532989502,0.5687861709714404,8.620200305938722,0.24074151383643064,0.09464840594721777,0.18223987431245695,0.807870532989502,0.6701667129516602,25.47195757504034,6.413291022317923,0.36721703262329103,0.25697545549579703,0.4302141229068531,0.8537070735916438,0.8721321075439453,1.0006607231140137,73.34829266665298,21.746970423413444,3.5273818492096547,2.1079170767690623,1.1934334815979004,3.7610614835193097,4.476799734880037,5.708641585804061,279.9272797457498,39.253099884945755,14.803059987215532,5.802077868215524,7.42257357070025,11.367013271607044,0,0,0,0,0,0.5406607231140137,1.333,0.5406607231140137,5.029999999999999,0.41300717252552915,0.7815332869062825,0.40744702084758067,1,3.840966704487421,2.679560546135759,3.282439805006387,2.485426827170242,0,2.679560546135759,34.5086271567892,1
88,9,1329,N,Both,0,9.533,1.556,3.56,0,0,0.09,0,0.06,72.719,22.723,8.776446141052247,1.71673537979126,10.997584475211346,0.0039242039549584485,0.055081829071044926,0.4608182625505037,8.776446141052247,1.71673537979126,19.304669692885458,0.4173683221256032,0.17021344354367726,0.881024558679917,8.776446141052247,1.9827574527695602,52.65249164815266,2.506150812799791,0.8516140005582922,3.60279600276573,0.2662322792053223,1.26573551175585,8.81316678390503,2.9791438580142753,129.18726073909676,12.49421201544369,5.437497144580914,6.865731384265376,0.43871264862060544,1.8824357820697861,8.829799371460561,11.158863400875916,388.01707552844783,28.33224280361999,17.429365742627315,14.583530539667468,2.2477217319234213,6.410925231679283,0.7234959617255715,1.4749312241498163,0.03672192077636719,0,0,1.4231438580142752,11.088999999999999,1.4231438580142752,26.98999999999998,0.08016416128571377,0.09468266179126725,0.24844360538187735,2,6.8059372931571,3.9289803029256,6.589913260672201,4.049630767724601,0,3.9289803029256,14.031923527820364,0
132,3.35,1215,N,Dry,0,3.45,0.65,1.774,0.43,0.029,0.08,0,0.065,72.691,22.76,3.166399157714844,0.6424567123413086,8.134774259954716,0.550680014038086,0.10095705718994141,0.11114296667959175,3.166399157714844,0.6424567123413086,15.448069527934962,0.5549990932688994,0.6603059458624148,0.23373086661544504,3.8467138283912816,1.227718178148457,41.295719082668505,1.9421322343504666,3.94943232156791,0.8679442113509835,0.2348156657200234,0.5062627559886259,4.671566506195068,1.9987636100050983,101.4436098047893,12.837364941265632,13.472104025400201,1.9640267131132239,1.8354096894208125,1.7055685571528416,8.0110214881149,4.129239703829897,330.2321175838068,50.324929956611186,19.66705140207328,3.8455148582458496,7.109815405061011,5.266401501357135,0.07342380142211914,0.07342380142211914,0.036712066650390625,0.036712066650390625,1.2215665061950682,1.3487636100050984,4.1000000000000005,2.5703301162001666,14.690000000000003,0.19744845927421312,0.21368245309148057,0.6904728255602183,1,5.392317422778761,4.738946199184217,5.149747119504682,2.9068905956085187,3.724177123532026,3.8567503091783903,15.853658536585364,0
89,9.26,2254,Y,Wet,1,8.349,3.403,4.491,0.399,0,0.15,0,0.5,72.757,22.715,8.024053527200737,3.5512175023935364,10.89849693493712,2.274260152584899,0,0.4957683616638184,8.29703110442816,3.7491636902573533,18.155972122922428,4.620243901672365,0.12889575443043427,0.5104217162457634,8.29955134048462,4.696370125328513,45.156526804306935,14.32085363555908,0.5309923853885427,1.6140027554949592,0.4141453181637035,0.5141300590515137,8.29955134048462,12.396757069770967,116.14291995776618,25.16099245699714,1.907762855834961,7.19262499946744,0.5233080459594727,0.7987375869750977,8.671001900120155,32.31807502583523,389.7348728151606,29.32580475575466,4.346261951380711,14.865186836365343,0.7528396774291992,2.786677809493121,0.2783102287591673,0.4157370475290336,0,0,0,8.993757069770966,11.752,8.993757069770966,7.88000000000002,0.06226488359713086,0.09209652795737987,0.12174938497929137,1,6.888986721186558,6.506804559392298,6.400708693037901,5.130519083027338,0,6.506804559392298,28.956773315180396,0
71,4.96,1017,N,Wet,0,3.808,1.343,0.998,0.03,0,1.071,0,0.04,72.752,22.684,3.4986967086791996,1.4049955467224122,6.899773468921136,0.26104695375330306,0.052900401348039215,0.11923373479207358,3.4986967086791996,1.4141783729553223,14.479411053628368,0.4434799290376551,0.1396150689009124,0.15610919723510744,3.4986967086791996,1.444284260792452,44.810397327841955,2.3665820884285726,0.23875320281982423,1.6902693287658692,0,0.23929465300616098,3.6293506957080317,2.4406687348010494,115.77622927953087,13.116473760325112,0.9703603996725644,2.8715884723020073,0.132091767578125,0.9831417187260645,5.114883367156983,5.8905364729668115,369.1773637765351,24.99672721494787,5.8233594943446745,9.530017306282188,0.8356322364807129,6.366983078888539,1.2855730849621343,1.3407068405151368,0,0,0,1.0976687348010494,5.151,1.0976687348010494,7.590000000000003,0.1272155006801762,0.17987614157121293,0.2331113435058398,1,5.714520290553514,3.5821570207542446,5.28835856219366,3.8509993947164736,0,3.5821570207542446,26.072607260726073,0
91,7.5,2233,N,Both,0,6.136,1.481,2.392,0.351,0,0.488,0,0,72.823,22.713,5.756523379516602,1.7719393600463869,7.204710137927485,3.2656067297542792,0.4020950797705557,0.1939159186299642,5.831446705268411,1.8596079865997912,13.221009722912367,6.5444382526981135,0.6698221291485956,0.2846092422485352,6.373158287138097,2.301086409669764,36.67057244420371,18.463902964968206,1.7326001320214368,2.695479803783941,0.620859197953168,0.7700480462646484,6.408371617126465,4.346952810124416,96.31141378129848,36.232050732338095,3.6791174606323245,12.665724816161509,1.0532782156581506,4.579149883557488,6.656265843963624,10.524652343513639,344.53784317389983,53.9559819435718,14.607100350940184,27.153149424779564,2.5473247300421025,12.72682863261204,1.2962354775312837,1.6294222414652506,0.33051479187011723,0.17569880665797816,0.2723716171264652,2.8659528101244165,7.617,3.1383244272508817,1.3499999999999979,0.08269543920645393,0.09673181412918656,0.26236926630985813,1,6.269968200633338,5.017175622263397,5.96254902292306,3.982765462583646,1.8967431121249128,4.890423738822495,19.443350400420115,0
6,4.78,1144,Y,Wet,1,0.04,4.56,3.012,0.04,0.032,0.01,0,0.374,72.591,22.55,0.03676665878295898,5.0620547418482165,7.424862742821193,0.3032200892758837,0.3832437574678309,0.5627926046304143,0.03676665878295898,5.845006924214083,13.554629447895124,0.8168809749977262,0.7360314278157551,0.7300131130682254,0.8088705604553224,12.261954221065745,35.43310930711634,3.4124399494604973,1.4164112952976602,0.28022031629674576,0.3280923335625144,1.243170069744634,4.00617012929879,23.42170744079291,95.73768014295985,9.752908047596051,2.0879387489558203,1.0362880587648877,1.1543379365060844,4.237438483428956,12.601995175170899,41.600942334364355,339.6324515163319,16.780917303403964,7.426102970981972,3.176311674466601,1.9394525367736817,7.561264125300388,0.0367304956443637,0.06434196472167969,0.29157778006460155,0.28494520339965823,3.9661701292987903,18.861707440792912,4.6,22.8278775700917,-2.8800000000000026,0.11135903872649636,0.09518173081769445,0.12106286696738572,0,5.554588851677638,7.840959000828439,0.48542682717024166,5.542258049766918,5.345598673956107,7.566945069910388,99.13043478260869,2
12,4.26,2352,Y,Dry,1,1.383,4.906,13.754,1.26,0.01,0.12,0.06,0,72.666,22.575,1.3877183547973633,5.008619259643555,23.693012634953515,1.9113926812355193,0.03676087341308594,0,1.3877183547973633,5.008619259643555,34.26467811010025,3.418683832903095,0.04209486871457567,0.008000605720071233,1.3877183547973633,5.036188703155518,70.97538872873943,9.863007553507487,0.39687093882542035,0.11028054122924805,0.4360802641834932,0.3584034049987793,1.4604068072898717,5.857826024920895,163.48747946872197,15.619078943125412,3.765035151633469,0.2654350183374741,0.6800666046142578,1.581504131903555,3.023611820983887,8.606203953477449,451.8071473211732,23.56600315234614,19.11390325908885,0.9650362505924001,1.1855252922058106,9.158653664526845,0.11028054122924805,0.11028054122924805,0.15760091996136835,0.1241198161764706,0.0774068072898717,0.9518260249208952,6.289,1.029232832210767,60.79,1.934683301457996,1.2968155642266352,5.13235125992146,2,5.997518234519788,3.49727107545698,3.8904466926799057,5.645586385913607,0.827061368460393,3.394824193300655,78.00922245190014,2
49,42.2,2886,Y,Both,1,30.33,10.87,8.061,0,0.01,0.01,0,0.25,72.63,22.657,27.85724061126709,10.730363331104353,22.68936710985372,0.11940039978027345,0.20782683283487954,0.7843045332486022,27.85724061126709,11.051873724089978,38.52494217295926,0.25846513156666473,0.5733817245333804,1.4362862142316033,27.866425077056885,12.032220643804216,95.32483915708654,0.8351613299261356,1.6855533634858975,0.08720038465911267,0,2.287018138885498,27.866425077056885,16.56062909303254,215.94559060565692,2.525046455562816,2.301871382637772,3.2551771817076447,0,2.415713903907327,28.858391313934327,38.56931641411876,533.7935186811177,10.979994006943048,14.385958897423835,13.655933163865033,1.900469164288091,5.738380659206616,0.009184941864013672,0.009184941864013672,0,0,0,5.690629093032539,41.199999999999996,5.690629093032539,136.34999999999997,0.031411523482448744,0.12095821882151368,0.032358174817454434,2,8.689997971419444,5.8556481857782705,8.249350523627234,6.777419715515831,0,5.8556481857782705,26.38349514563107,0
245,2.26,795,N,Dry,0,0.52,0.609,1.256,0,0.061,0.01,0,0.318,72.91,22.854,0.4769331855773926,0.5594799583435058,3.3217737308307727,0.11121188317990771,1.2974665806429992,0.9804086474459781,0.4769331855773926,0.728241845110725,6.54733615020752,0.13599377580231312,2.6407175680512083,1.6228281209998037,0.5686496971130371,1.0502267945233514,26.095924855681762,0.37604274520874026,5.283805056430593,0.3015161707141353,1.4172398555740657,3.516634315104765,0.5686496971130371,4.891210334538477,82.63351998229683,0.7062204818725586,7.465860078388288,0.6328518020629883,1.9444112434387208,14.595639652273139,2.6423226955937404,14.414979038088932,290.83823055684974,6.126747833009608,17.44402014272653,3.7340917906877107,2.324201597331926,42.67817668672152,0.009171818542480469,0.08873210853726256,0.16379585121603576,0.009171730041503907,0.04864969711303713,4.282210334538477,1.129,4.330860031651514,0.5000000000000004,0.3069900772347699,0.8491187791933912,0.29161874380441605,1,3.619413010597937,5.469514848515179,2.6322682154995127,2.8257856274647914,0.5719165236292474,5.453586826434372,53.94154118689105,1
271,2.57,1207,N,Dry,0,2.074,0.774,0.452,0,0,0.13,0,0.004,72.909,22.882,1.980709189605713,0.8344665924072266,3.0562174171178484,0.091591810613894,1.1486897056100882,0.10169708944283279,1.980709189605713,0.8344665924072266,5.921913473672307,0.9590289151898553,3.161124444334741,0.19375570748721851,2.3952003856344786,0.8524825733947754,20.47825897316427,3.999046556172091,9.2854861191873,1.2232715800146965,0.23841701126098633,3.2346395452461985,3.5212977951049806,1.1232701397525564,65.55615157941332,6.181138144211115,20.98623979018268,2.5401668753231275,0.2933994890130735,18.575620432538805,3.5212977951049806,2.393404754638672,172.0991241107987,7.4066890850471045,98.80510817902815,4.07270621304082,1.2256576038914102,100.19597483078904,0.6628616002610151,0.8264823753656125,0.23841701126098633,0.11255559975119198,1.4472977951049808,0.3492701397525564,2.848,1.7965679348575372,6.09,0.20870733729458507,0.23986393278901644,0.5328165723553447,1,4.881664619320345,4.245319144624817,4.442280035252584,3.127633279725874,3.9516789815095703,2.167583177903012,27.176966292134836,0
293,1.14,447,N,Dry,0,0.82,0.26,0.832,0.03,0.027,0.17,0,0.06,72.904,22.906,0.7518037651062012,0.2383766326904297,3.1686519198129695,0.31312579544067387,0.6857568506996305,0.3025541687011719,0.7518037651062012,0.2383766326904297,6.923896310732973,0.6364248075058879,1.5923836587763767,0.34084569656970454,0.7518037651062012,0.2383766326904297,22.916624852151312,2.8243373490786094,6.593275354422775,0.21087200012207033,0.9853121076696062,1.0187327148228065,0.7518037651062012,0.2395272131706687,70.93130156886389,5.8038326747639974,21.503243443893737,0.22004034423828125,1.9355650036680936,6.555626904159246,0.7518037651062012,1.1299674003720754,209.9512524663529,8.642179294385723,104.34590999363326,0.4098463108137542,3.3156063648029406,40.92560711793788,0.1833670036315918,0.19253527069091797,0.11001900329589845,0,0,0,1.08,0,6.800000000000001,0.7121429908948957,0.8425352266235921,0.8399985938886135,1,3.560714954474479,0,3.2016338611696504,1.84799690655495,0,0,24.074074074074073,0
294,1.55,628,N,Dry,0,0.23,0.21,2.028,0.008,0.41,0.306,0,0.08,72.937,22.904,0.22921253509521486,0.1925390739440918,4.184504205794989,0.009168540191650391,2.287376549209894,0.6280602561591654,0.23838093872070312,0.21087602996826174,7.875095404722924,0.07338336742326325,3.546337723816516,1.625412742964801,0.4400842994689942,0.3208965454101563,21.511486729182828,2.608448041633157,9.161399018321319,1.1228267076260439,0.07305979447009517,6.397314053545185,0.5831072560329064,0.37094478588328644,54.390787592731556,9.002968535419539,30.460199806964347,3.138057706885245,1.1619793423102884,19.543821829576682,1.026848893737793,1.7595353805960863,145.33282924970754,12.124527378578932,121.23132182300952,5.247251434386011,3.918226267745074,98.73750184249576,0.3691847282978133,0.4776958521764419,0.01833680114746094,0.01833680114746094,0.3531072560329064,0.16094478588328645,0.44,0.5140520419161928,4.3,2.2117812793419147,1.7224660244710912,1.483880195908648,1,2.4329594072761065,2.6183609315445056,1.7224660244710912,1.632268215499513,2.1798525942696894,1.383744574767477,47.72727272727273,1
225,3,1161,Y,Dry,1,2,0.576,2.077,0,0.712,0.08,0,0.08,73.09,22.838,1.834577010345459,0.5971020375838935,6.154762510651236,0.04280683438768574,2.5839906771341963,0.806167601111917,1.834577010345459,0.9224312074938006,11.508105856442922,0.09172908782958984,3.2612384517176007,2.5617910010812794,1.9996856803894043,3.9695006074882957,34.803069568583155,0.11007487411499024,4.875970285871918,0.7799416421299356,0,7.945166887479295,2.018031046295166,20.398593194038558,85.55866543674847,0.9173193161010743,13.202490517880314,2.805352010243734,0,16.728781116991236,6.6760544909279,39.20300817754709,257.6807683551983,1.9801641966427073,70.27340628157074,4.128582737175437,0.5136490363895191,51.42369196645698,0.24230730517219096,0.4032109983436734,0,0,0.018031046295166053,19.822593194038557,2.576,19.840624240333725,25.76,4.7420062108667365,4.392317422778761,2.7570232465074596,2,4.7420062108667365,7.639566763720322,4.392317422778761,2.7570232465074596,0.23916638878071544,7.638261635608725,22.360248447204967,0
252,17.7,3917,Y,Dry,1,4.38,4.05,13.169,0.32,4.458,0.21,0.58,0.31,73.125,22.862,4.017029676818848,3.7143738792419434,18.36144470115513,0.8550401053215477,9.285837883001587,0.39220308936623965,4.017029676818848,3.7143738792419434,25.040066107961636,1.771682553507487,14.614151194817035,0.45140156589283664,4.017029676818848,3.7143738792419434,51.798746201336435,3.9299361289888264,32.19405701078228,0.6196794529424929,0.9601772090238683,1.2931311378479005,4.017029676818848,3.7510584770202637,89.66950453171673,4.4938345031738285,98.89866605144725,0.8529119483947755,1.073034962463379,5.533765254818785,5.337601182556153,5.420127487182618,191.06774771288414,5.0991229103088385,311.9963286935189,2.346875352660535,1.4949166458129883,20.951515784385528,0.3301644309997559,0.37601958465576174,0.8529259628295899,0.7137724370320638,0,0,8.43,0,71.7,0.47165248797286236,0.41873487230307194,3.5833596208979497,2,6.414473836430928,0,5.485426827170242,5.3750394313469245,0,0,48.04270462633452,1
300,8.91,1428,Y,Dry,1,7.279,2.546,0.476,0,0.168,0.053,0,0.908,73.109,22.901,6.6840051055908205,2.4022054664611816,4.321368490902769,0.10553106416590072,2.388356641250312,1.7446018896753646,6.6840051055908205,2.4022054664611816,9.5153379837844,0.1467001708984375,5.261189622766833,2.4592891522875022,6.6840051055908205,2.6365701756107107,32.128771364420004,0.4855799873471728,13.764236513318826,2.3205049992400526,0.027471088256835936,6.572927956863106,7.334976306915284,5.750699623460957,80.98369868196968,1.5334536940002441,35.68178882258394,6.214865942161409,0.2659015235900879,18.829621189919273,8.020635371772917,11.495796485102037,262.4017471807174,7.428043372003895,110.1982668578623,12.430378700361064,2.6078231935658174,42.35408179514567,0.9491555048086128,1.3937476099320956,0,0,0.05597630691528366,3.204699623460957,9.825,3.2606759303762405,71.26999999999998,0.2370620156234081,0.24239661760916167,1.3981482711550155,2,6.632995197142958,5.07067952531058,6.205353410794539,4.725741156503952,0.6413268977295861,5.046447240618162,25.91348600508906,0
251,16,2486,,Dry,0,8.779,2.942,3.329,0.084,3.42,0.138,0.389,0.231,73.097,22.845,8.053315032958984,2.8758791211057178,9.815405904038373,0.6799006736545937,7.740892535265755,0.4068236130658318,8.053315032958984,3.446581790846283,18.306362993553016,0.7409053405223174,11.798021708819817,0.7557683555543189,8.071660398864747,3.8558933806445554,47.898784814453144,0.9851393567462996,27.46564647018434,1.2102743399735993,2.6416341515604653,2.485788300700468,8.105939555900425,9.109025621490478,107.19066191669837,2.0881840487431544,59.345854148816876,1.4827775030457742,3.0727296173095704,15.421535943962548,15.07686081005022,34.13930391100118,273.11029849940877,4.824711396843405,142.30148861846925,4.6076415945644005,8.955569317384608,60.724119371095526,0.4402677772521973,0.6899695170922373,1.655761357047885,1.2702014793665268,0,6.1670256214904775,11.721,6.1670256214904775,113.01,1.3240785145279583,6.472325296656458,0.9474900476826484,2,6.885208275545383,5.969708986197949,6.472325296656458,4.926948247949772,0,5.969708986197949,25.100247419162187,0
263,5.8,1695,Y,Wet,1,0,0.01,1.942,0.38,5.449,0.324,0,1.109,72.662,22.872,0.15589968795776368,0.21085120904959886,7.8742289657862035,1.801361902618408,5.31911418386422,1.1282338914459826,0.15589968795776368,0.31179957275390624,14.481672616373698,4.1330411951641,5.441999761484184,1.4487039669769886,0.15589968795776368,0.5318983947753907,41.76807020325903,12.123940489983653,6.437025461036831,1.5583819130452474,0.13522080081715304,1.5943925843631521,1.2288688201904296,0.8803805564880371,105.29924287565947,35.26842145440197,7.868103101082598,2.0248213413253486,2.8793521324696263,2.0083873443214566,2.586153688812256,4.472780450250962,343.3321544386682,78.41413032903935,14.466116250789865,3.2824733238878445,11.112370818523331,2.83366263961792,0.8614929799876493,0.934462915948606,0,0,1.2288688201904296,0.8703805564880371,0.01,2.0992493766784666,-9.8,0.012615002178893121,0,0.012615002178893121,0,0.13750352374993502,4.458939298033786,0,0.13750352374993502,3.732126790320494,3.278550643472321,100,2
211,0.97,416,N,Dry,0,0.48,0.14,0.763,0.04,0,0.1,0,0,72.663,22.82,0.4403531547546387,0.1284363166809082,2.4371236585699343,0.8708137620873546,0.437115430166207,0,0.4403531547546387,0.1284363166809082,5.541363716882445,1.6279387835483925,0.9652884140224084,0,0.4403531547546387,0.2086634526839911,23.8574010844182,3.6434957801938523,3.1926215239191995,0.1981225537229052,1.6146165176391603,0,0.4587011184692383,4.555753728712493,83.3205860751492,6.167726230929506,6.326313272298177,1.0595915864293715,1.7078321519769408,0.1421803860623229,4.795508047383626,17.03689084489112,293.4892017969564,15.370914139622707,23.041674912803508,1.5871266334533691,3.9194774769562373,2.3988809209935806,0.09174020538330079,0.09174020538330079,0.6722899210731657,0.2620517933146158,0,4.4157537287124935,0.62,4.4157537287124935,0.6000000000000005,0.4315146828113561,0.43725050004141547,0.7016857810187745,1,2.84799690655495,5.496894904281448,2.5360529002402097,1.2630344058337941,0,5.496894904281448,22.580645161290324,0
237,0.33,228,N,Dry,0,0.03,0.1,0.201,0,0,0.02,0,0.004,72.694,22.863,0.027513726043701173,0.09171234664916993,1.9949048765534048,0.005214990063835592,0.018342529296875,0.059990498782887175,0.027513726043701173,0.09182024287504309,5.328054830687278,0.06286756529564952,0.03668490447998047,0.08491454831291648,0.027513726043701173,0.385190055847168,24.372319403034282,0.07336943054199219,0.2846660474590227,0.01834248275756836,0,0.14673963165283205,0.0388426196977204,0.7759625826846852,82.78906411834723,2.3678541381626506,2.5532955390930177,0.060349385349049295,0.33695420464309994,0.3916309409975538,0.8174783422313017,2.38440836748011,290.32186446765985,19.599515866232483,12.701203253452077,0.9041244358167462,6.573505548403871,1.3176752654939539,0.01834248275756836,0.01834248275756836,0,0,0.008842619697720398,0.6759625826846852,0.13,0.6848052023824056,-0.64,0.4087190003978403,0.37851162325372983,0.3401360544217687,0,1.2016338611696504,2.972334605046475,0.37851162325372983,1,0.12224358587724694,2.95598708659186,76.92307692307693,2
238,3.88,809,N,Dry,0,3.66,0.502,0.821,0.18,0,0,0,0,72.719,22.846,3.3570623977661134,0.47695950164794926,4.13494349366132,1.750294254620122,0.25793945866304285,0.027516728973388672,3.3570623977661134,0.47695950164794926,8.23661061046525,3.6887171512798225,0.5319915938134286,0.2239093237035415,3.3570623977661134,0.47695950164794926,26.807596804085527,11.625938814000154,1.8137599829670024,0,0.19013756371890797,1.5768194883548514,3.3570623977661134,0.5962015373229981,91.64492150450458,14.893013181517357,8.454142738204656,0.711018967814726,0.6041503829297833,5.279421374412986,3.4946521286010745,1.3928406731040806,290.812328987606,18.70282694439757,53.060568694448996,1.2731307717895508,1.7702375122070313,31.278616497051768,0,0,0.1525853430863923,0,0,0.09420153732299807,4.162,0.09420153732299807,-2.8300000000000036,0.11910800193636917,0.1380649276197962,0.3028963142672488,0,5.413458688007979,0.957554621351786,5.232660756790275,2.5897634869849773,0,0.957554621351786,12.061508889956752,0
262,3.1,1016,N,Wet,0,2.36,0.644,0.838,0,0,0.199,0,0,72.639,22.872,2.164260735321045,0.7153068870544433,6.43207858933692,0.0183410888671875,0.1528065798800599,0.09055480783200733,2.164260735321045,0.7153068870544433,13.262411574683084,0.11004636993408204,0.655140046308929,0.09706418408262965,2.164260735321045,0.7244773788452149,40.41481977770637,0.9244440712214451,2.8238065851817415,0.34690323684692387,0.6579206396813485,0.6047863771864948,2.164260735321045,1.1549558749479405,115.28816594691847,4.667605210840562,5.165187812398275,0.43102206954956057,2.2495070056631055,1.041482555960861,2.3660161705017093,1.8249372840881348,358.490963903776,23.121945180379825,9.431670476217832,0.9317484483337403,14.099973221181237,5.748140791877298,0.18341161575317383,0.18341161575317383,0,0,0,0.5109558749479405,3.004,0.5109558749479405,26.64,1.1263765119119096,1.2834962251255215,1.6085014562962814,2,4.956056652412403,2.611068188075836,4.620586410451877,2.8953026213333066,0,2.611068188075836,21.438082556591212,0
160,2.12,584,N,Dry,0,1.6,0.76,0.966,0,0.04,0.069,0,0.1,72.771,22.783,1.4774147155761719,0.7563921655064003,4.441172300986494,0.17824028867833758,0.48584830642101806,0.1589150946822821,1.4774147155761719,0.761646102142334,9.320656360718976,0.6446226424811868,0.971084050810571,0.18511281181185854,1.4774147155761719,0.761646102142334,32.623891377372,2.707742018058627,1.9970995224298218,0.4221166542053223,0.6128872815928741,0.2018821243286133,1.4774147155761719,0.770822332763672,96.45650082255638,5.781839437142167,10.18115615979363,0.43129349365234376,1.5528285395244525,0.39537792089424884,1.5416463874816895,1.0828098289489747,330.0984937182798,19.574391519607843,22.37806463848638,0.596465274810791,7.561517259216309,3.6396171693480257,0.28447074661254884,0.3545711307959463,0.02752964324951172,0.024470791395598768,0,0.010822332763671949,2.3600000000000003,0.010822332763671949,5.160000000000002,0.2376844861343558,0.23903291469300228,0.9294421137169867,1,4.620586410451877,0.14824864059991294,4.087462841250339,3.1043366598147357,0,0.14824864059991294,32.20338983050847,1
162,2.7,906,N,Dry,0,0.06,2.25,2.61,0.371,0,0.011,0,0.08,72.81,22.778,0.05506077575683594,2.119842130279541,6.452265451217351,1.3891972097538967,0,0.08259119033813477,0.05506077575683594,2.1999144936206294,12.05032690092199,2.382605532142789,0.047359589963426776,0.21905571760589002,0.05506077575683594,2.259978659258076,32.76613185393388,7.857421962531595,1.307705006528368,2.1519700000149595,0.4955443557739258,1.8955096259322823,0.05506077575683594,3.3495585510253907,98.88062292646826,13.562532831352085,5.4616024505166445,3.5703387813134295,0.7005234469813927,5.433737359065637,0.05847963553035961,7.87963457324159,338.50102969427667,21.189804272030102,19.871403621506037,6.33040517428529,3.8051371177015123,14.537202040626665,0.6750149665443571,1.017758268630084,0.08259182205200195,0.05491724144430722,0,1.0995585510253907,2.31,1.0995585510253907,-1.559999999999997,0.1789150912448402,0.3228913833869703,0.18544742881423606,0,4.590961241342599,3.5844316728708523,0.6780719051126377,4.554588851677638,0,3.5844316728708523,97.40259740259741,2
187,1.54,484,N,Dry,0,1.13,0.41,1.25,0,0.02,0,0,0.16,72.745,22.793,1.0368660934448242,0.37620844802856446,4.93824433165307,0.08258245086669923,0.21345343148025814,0.1835165901184082,1.0368660934448242,0.37620844802856446,10.269428886877323,0.10795082842359358,0.398551683439367,0.22939609680175782,1.0368660934448242,0.47714238586425783,35.01714754764327,0.47235677794213393,1.0308824468036726,0.036703092193603515,0.12047263230566885,0.3486812797546387,1.0628092803386615,0.7668072739425361,102.9517107108022,1.9915353007267973,4.428947968833774,0.07340582504272461,0.22597511756747377,1.6663477910150268,1.376972575683594,2.2686798164218085,333.82699392522176,23.784586546520153,12.123454396179797,0.22022301406860353,0.8231899534995885,4.6677617539349745,0.018351687622070314,0.018351687622070314,0.00838425397087546,0,0,0.35680727394253614,1.5399999999999998,0.35680727394253614,12.999999999999998,1.1869482087443297,3.6205864104518772,0.6913227197306274,1,4.035623909730721,2.191585623549427,3.6205864104518772,2.350497247084133,0,2.191585623549427,26.623376623376625,0
216,1.31,458,N,Dry,0,0.3,0.36,0.856,0.168,0.001,0.06,0,0,72.808,22.837,0.27518810119628906,0.3302262481689453,4.0045500849016955,0.17428527069091798,0.1100751220703125,0,0.27518810119628906,0.3302262481689453,8.629371782289393,0.398427229012882,0.1100751220703125,0,0.27518810119628906,0.3302262481689453,30.473445786632443,0.667282723864387,1.7831009803801892,0.05503774337768555,0.009173109436035156,0.07338309936523438,0.27518810119628906,0.42195812301635743,89.97128027558274,1.8160672343295228,10.327275674863328,0.11924717559814453,0.09172842254638672,1.597231845374014,1.1780754958897013,1.7172396047973635,299.0608683479516,5.3195420131010165,37.29447895431818,0.6282501402522068,0.9038453379552505,17.443079293808278,0.05503774337768555,0.05503774337768555,0,0,0,0.06195812301635745,0.6599999999999999,0.06195812301635745,6.499999999999999,2.659999471414748,2,2.0014853283360456,1,2.925999418556223,0.6956208283771669,2,2.2016338611696504,0,0.6956208283771669,54.545454545454554,1
332,0.62,412,N,Dry,0,0,0,0.554,0,0.123,0,0,0,72.931,22.939,0,0,0.9697467741782992,0.027498712158203126,2.1273110770132035,0.04849082676906211,0,0,2.1045606731070725,0.05812476305793314,4.47191027276731,0.45216319354786594,0,0.009166051483154298,8.28382221723968,0.6740275403879203,14.730724971247646,0.1347271146706974,0.19274140966078815,4.550729035620597,0,0.018332049560546876,24.627403931256456,1.5952570284914502,50.31414860393748,1.7909906118654737,0.4766420112609864,16.64970679584578,0,0.045830773925781255,97.02353179218966,3.448357161365584,180.71599497867066,4.469277626420565,1.2964864769670077,59.56524439999747,0,0,0.10399126967486214,0,0,0.018332049560546876,0,0.018332049560546876,0,0,0,0,0,0,0.24284087232422671,0,0,0,0.24284087232422671,,
333,2.33,762,N,Dry,0,1.626,0.343,0.557,0.02,0,0.074,0,0.121,72.966,22.955,1.5030770393371582,0.34827362899780273,2.6156104776000975,0.21097854737225705,0.8638890340408627,0.9095689464464378,1.5030770393371582,0.34827362899780273,4.426965835469562,0.5514185839783912,2.6119347664866726,2.6010823850564395,1.7597040939331055,0.5508438112445906,14.058159773389029,1.4190629082952761,10.244526728126672,1.3617651192848357,0.15674151744169348,10.361725870187799,1.768869467163086,0.5590745849609375,34.435622848932596,3.8934465100725952,42.633809729467636,1.8031303286653406,0.24746042785644531,30.393832220791083,1.8238621894836426,0.6232304374694825,109.75850510773608,4.463497985076905,166.96556716097052,2.557011999619428,2.81769957972807,95.34049921217972,0.6686976312106263,1.0031002652845196,0,0,0.14286946716308613,0.2160745849609375,1.9689999999999999,0.35894405212402364,19.689999999999998,4.370861740085284,4.10936055940423,2.1473066987802936,1,4.370861740085284,2.198318291672044,4.10936055940423,2.1473066987802936,1.2801811299854067,1.6602650351635995,17.420010157440327,0
349,1.1,379,N,Dry,0,0.73,0.52,0.005,0,0.014,0,0,0.161,72.985,22.968,0.6689934349060059,0.5406929870605469,0.9184068144704783,0.016927080317478554,0.7875882470344092,1.2585615082654769,0.6689934349060059,0.5406929870605469,2.19210338677799,0.44977120721256036,2.6423265386903054,2.077811817483341,0.6689934349060059,0.5805841619244745,9.714995204141651,1.730437118410597,9.994762509975063,0.30242361450195315,0.23773388238046683,8.367996818847656,0.6781576126098633,1.1363644195556641,26.989544540860045,10.203697036378149,35.54462471780511,1.2663350754980949,0.4948756301879883,24.445089132442103,0.6964858489990234,1.2555059814453127,74.72321652893967,14.837049766540527,154.51969137665978,2.5767934233272776,0.9714120521545411,106.27989179748228,0.08628853924022001,0.1757755959005917,0.027492884063720704,0,0,0.6163644195556641,1.25,0.6163644195556641,-0.5800000000000005,0.2666823510059282,0.40708151152794164,0.3472649360817299,0,3.7548875021634687,2.840693683212555,3.0531113364595623,2.6322682154995127,0,2.840693683212555,41.6,1
364,3.85,949,N,Dry,0,1.49,0.23,1.668,0.692,0.341,0.45,0.036,0.44,73.02,23.005,1.3651123840332031,0.21072236404418945,3.078987621385163,0.7602147339405734,1.8583787657913513,2.2929930672529637,1.3902980649013146,0.2128780595218434,4.663233451690673,0.8225873439863616,4.445033080737545,4.473531708550549,6.730787560397879,0.4214410263061524,10.527482896285715,1.3522868872219909,14.65152726352168,2.260828257449281,0.22800523306753123,9.860020576521933,13.049556510994105,0.5771893951416016,28.616423731916843,8.210180182216869,48.66802754663505,5.120067280584596,0.6138508079528809,20.970720426713534,23.83216955268411,0.9528103370666504,70.55076651795034,14.823931643676758,206.03970092155322,9.969206104021259,3.325972386992212,72.7401068876229,0.4947394874572754,0.709556436588063,0.10994198379516602,0.10994198379516602,11.559556510994105,0.34718939514160163,1.72,11.906745906135706,-22.02,0.10407425522902372,0.1405265795914434,0.13435772421771383,0,4.185866545311334,6.907701391509178,3.990954860396993,1.7224660244710912,6.865369104251591,2.160885975842038,13.372093023255815,0
373,0.22,180,N,Dry,0,0.05,0,0.078,0,0.049,0,0,0.062,72.904,23.01,0.04580728378295899,0,0.42246882705090083,0.011245266669778264,1.222101385357427,0.18333695301729092,0.04580728378295899,0,1.0395197293689207,0.027484336853027345,3.6546648589908393,0.3049143201132382,0.04580728378295899,0,4.5708479566327265,0.08245309982299805,18.04317246526081,0.12825951766967775,0,1.2319456529325599,0.04580728378295899,0,16.281149018740184,0.17920507900761623,64.9486909161825,0.14658270950317384,0.054968637847900396,5.3350649476473935,0.04580728378295899,0.018322827148437502,71.15848570518345,2.0828960549358295,237.4690232186319,0.2839999137878418,0.9711116638183594,17.977804926928346,0,0.02938839850930607,0,0,0,0,0.05,0,-0.15,0.35452272770979165,0.5317840915646874,0,0,0.5849625007211562,0,0.5849625007211562,0,0,0,0,0
56,2.77,642,Y,Dry,1,2.42,0.749,0.551,0,0.01,0.156,0,0.11,72.849,22.671,2.2224820373535157,0.7898096664428711,3.329296970762364,0.3064494614904067,0.1193894416809082,0.5016187506731818,2.2224820373535157,0.7898096664428711,6.6959862989537875,1.10183542962467,0.36792788263956705,1.1800666466297824,2.2224820373535157,0.817361435699463,23.112267395806406,7.266417782239727,1.7569895599125882,4.155569776967367,0.14694108810424805,2.5801698573422898,2.2224820373535157,1.1305033240523994,77.8312584319231,14.09752931006039,6.519449089810241,10.301529647755341,2.462682836210961,4.557212603242164,3.8939858993530274,4.4588148616057754,263.9316439637575,43.97857092111327,25.55500873910941,28.526748986786483,5.676270821575091,13.909454842469458,1.0908551023535633,2.1147208773205333,0,0,0,0.3815033240523994,3.169,0.3815033240523994,-1.37,0.1477033902522766,0.18256281680833544,0.322778719014468,0,5.0307774719925415,2.267545757730955,4.655351828612554,3.085764553778314,0,2.267545757730955,23.63521615651625,0
94,3.98,1053,N,Dry,0,1.45,2.85,3.505,0.25,0.919,0.74,0,0.46,72.896,22.716,1.3312338516235351,2.625738397216797,8.544859610547835,1.8704893408233045,1.3769763120224894,0.8157286514012954,1.3312338516235351,2.625738397216797,15.31355625730028,3.210497743581138,1.804302064472273,1.2554762485010482,1.3312338516235351,3.0295534954145844,41.3739292010618,7.857822687021892,3.073499251430736,3.9451295333922145,0.009180795288085937,4.284528369547526,1.413864608001709,3.784416872444901,103.94436988992426,14.607388567265529,13.967941893283616,8.771218696262137,0.009180795288085937,10.861506869171743,4.905126523249009,8.35980865737915,316.76692042760914,22.25476342322855,43.89264573917763,23.177743492329917,0.5660900135055242,38.644740868171255,1.6272195894548005,2.2088570975000716,0.009180795288085937,0,0,0.9344168724449009,4.3,0.9344168724449009,-21.200000000000003,0.08373361378278063,0.28244259359906254,0.09353722316785136,0,5.459431618637297,3.3707458072383303,3.9541963103868754,4.882643049361842,0,3.3707458072383303,66.27906976744187,1
95,4.41,1408,N,Dry,0,0.02,3.73,2.124,0,0.55,0.265,0,0.509,72.925,22.713,0.01836222686767578,3.442896356201172,5.726465023438697,0.11017361602783203,2.987504465332032,1.0064604288587384,0.024591071038339653,3.5071638084411623,11.750096216358864,0.12853604278564454,4.425746761366901,1.6615979286911908,2.8382494794030286,4.517490770506017,37.59599719451007,0.2846128517150879,6.740975955993054,1.7340434547005448,0.06426858901977539,2.6482633924357097,4.370266275024414,5.640802762478099,112.8098629131842,1.9443778619055656,9.282919863257314,4.340333371055454,0.2846197631835938,5.121760074615479,5.967758242334104,14.535088506972366,352.1000487801767,17.01015356794171,14.229317458597821,13.576409276960785,2.0879312171217976,15.66815394774493,0.7112946509925993,0.8679874097218233,0.06426858901977539,0.06426858901977539,4.350266275024414,1.9108027624780992,3.75,6.261069037502514,37.3,4.388988783912418,0.21919533819482817,5.259272487037594,2,5.266786540694901,5.991197339248807,0.2630344058337938,5.259272487037594,5.47581975504828,4.329699671035825,99.46666666666667,2
138,1.44,507,N,Dry,0,1.61,0.41,1.42,0.02,0.04,0.2,0,0.08,72.88,22.764,1.514327995300293,0.4628467293234433,4.621223291904227,0.13298799620983648,0.5754246010514802,0.36818878980150416,1.514327995300293,0.46806544189453125,8.86069274042765,0.5637341477846632,1.6034687537548593,0.6182540993095846,1.5507516971363742,0.5811867963274788,28.76711288003959,1.7988534072875977,6.2080608967650175,1.1618038985757266,0.14684661102294921,1.4375610807979808,3.5699918606028835,2.1087099352249443,94.49814662442381,1.8447426780700684,9.762293549325982,3.1281943797721117,0.14684661102294921,3.474844484010584,4.905037055314009,10.418495018511006,335.1202732645163,2.9126679486443012,15.817498020549099,6.601563333794088,0.4680720054626465,12.726595054007142,0.44449219138949525,0.5582613863537358,0,0,1.9599918606028834,1.6987099352249444,2.02,3.658701795827828,6.000000000000001,0.28986791839972614,0.3126659862594302,0.7582249184142364,1,4.405992359675837,5.2321625556936695,4.095924419998536,2.350497247084133,4.364566731960393,4.168890647372869,20.297029702970296,0
142,0.99,472,river,Dry,0,0.776,0.285,0.161,0,0,0.043,0,0.04,72.978,22.756,0.7963497890696807,0.4864480743408203,1.8703884527976844,0.018356451416015628,0.3644321185990876,0.5616035725911458,0.7985093688964844,0.4864480743408203,3.805278454631731,0.1469235171658385,1.8575032267312437,1.2164307205319875,0.7985093688964844,0.5323398643493653,13.71198133456062,1.3287891651796828,7.446123815926945,2.2502523046964757,0.495622452545166,5.606092302587171,0.7985093688964844,1.0738582412719726,45.05655869269576,3.085360683710435,26.374513331206085,5.7952139272622505,0.5729372776106292,19.157320286934038,0.8076876831054688,4.378270701305913,154.07332543903132,3.852341527024812,94.14977069060377,10.756926111611758,0.6149416412353516,89.75868433573106,0.16654083678600834,0.2593316481915642,0.4280638808216768,0.10351582966224822,0.02250936889648436,0.7888582412719727,1.061,0.811367610168457,1.7299999999999993,0.3580259177217451,0.3687786654683685,0.8137483036851627,1,3.5372960670908418,3.1880330983648655,3.130930869826449,1.9448584458075389,0.2928920834617085,3.1519533505269552,26.861451460885956,0
165,2.65,1194,N,Wet,0,1.821,1.441,0.193,0,0,0.346,0,0.03,72.919,22.78,1.734392963409424,1.844508406829834,3.0973214772871422,0.37495087617761946,0.36497789467306696,0.8316934691365562,1.734392963409424,1.844508406829834,7.965157942546771,0.8160478768591788,1.1786029635679955,1.4858617654239432,1.734392963409424,1.8894194979230097,31.899280088845035,2.14627149564556,3.1623088436291265,3.392033624548818,0.22070617316451727,4.444314883371989,1.734392963409424,2.528735430704753,93.73555427302047,4.567284447479249,10.418857951360962,4.536085077691172,0.7005929179980708,13.413113069185746,1.954633278656006,6.6608457928795906,313.47956904879123,14.292360314444753,20.581873778611726,11.309436649056225,3.6239681613637886,41.74067751217711,1.712978807546578,2.3906543775311637,0.17435507888793947,0.03670696716308594,0,1.0877354307047529,3.262,1.0877354307047529,32.52,4.610225290419493,3.8761687399007294,3.9457949567400608,2,5.071247819461442,3.570141605000534,4.263785613890803,3.9457949567400608,0,3.570141605000534,44.17535254445126,1
98,4.22,933,Y,Wet,1,3.07,1.207,0.546,0,0.04,0.289,0,0.106,73.149,22.713,2.827778885650635,1.4199714113362631,4.971253648840212,0,0.2124968389324113,0.3856060661315918,2.827778885650635,1.4414300750732423,11.464768112074905,0,0.3198970733642578,0.5301631438461005,2.827778885650635,2.51643918928857,38.91064589131374,0.018362621307373046,0.5744810187425801,1.4047188606262209,0,1.097125382645551,2.901588648657705,4.659690011695413,114.58336186574606,0.5324754604982863,0.8407299526079964,2.403884521535238,0.009180831146240236,2.321399535534429,5.0496653465270995,7.016186380510517,367.6661736243846,6.183677458110136,3.93710865171844,8.504176425505992,0.009180831146240236,8.312096545787139,0.642678384399414,0.8140606461079917,0,0,0,3.452690011695413,4.277,3.452690011695413,16.669999999999998,0.20117603243041782,0.3511556996656369,0.2667760601453747,1,5.451870478864323,5.150839907367328,4.986410935252045,3.7081872360207084,0,5.150839907367328,28.22071545475801,0
99,3.51,1039,Y,Dry,1,2.237,1.133,1.091,0,0,0.672,0,0.041,73.179,22.715,2.0565270751953126,1.4511213308267032,5.648614256253711,0.1562188014580222,0.055086045074462894,0.5214759417575014,2.06570788269043,1.6683671470941286,11.416181077228623,0.4498628288269043,0.2699183979857202,1.179872632200952,2.772642235565186,3.287750702655269,34.13431236542348,1.9949033036056218,0.4498631790161133,1.8375266944436466,0,4.512875433571011,2.772642235565186,10.975948127641866,99.55648123067819,5.516136845631319,0.6204174613174738,2.762715107682172,0,8.969010002716663,4.673188794708252,27.93804988464954,343.30272665047113,6.977703424835205,2.8130468298549283,6.460711045705758,0.009180978393554688,19.992603774485875,0.9402003460842956,1.0878881509489173,0,0,0.5356422355651858,9.842948127641865,3.37,10.378590363207051,8.940000000000001,0.1986360154383113,0.40594516330429475,0.2329113685493647,1,5.116863757690899,6.7113008405436885,4.546585829008101,3.6241008946281146,2.6682149884624464,6.635601775499169,33.62017804154303,1
124,2.21,560,Y,Dry,1,0.6,1.477,0.448,0,0,0.378,0,0.05,73.177,22.738,0.5507669006347656,1.3769193405151368,3.8913309058724193,0,0,0.11015355072021485,0.5507669006347656,1.39527840423584,9.17347769089643,0,0,0.11015355072021485,0.5507669006347656,1.6640425530198042,34.309238466069814,0,0,1.5048916671723012,0,0.11555334311092602,0.6242023071289062,1.8909764137268068,105.22079066359886,0.3855402397155762,1.6218732847296025,2.243244880571553,0,0.4277283713875565,0.6242023071289062,3.737845900286506,314.07226881581005,2.360267967885335,30.5969293053122,3.9923169323491114,0.182537408507104,22.15230222193099,0.8300773097617953,1.0490885927656586,0,0,0.024202307128906253,0.4139764137268067,2.077,0.43817872085571297,4.769999999999999,0.26142761778902834,0.7387776110677905,0.2802190672546328,1,4.444269502413482,2.428085349129869,2.807354922057604,3.979110755015786,0.3126919726929943,2.361702155955882,71.11218103033221,2
277,12,1852,Y,Dry,1,10.55,3.04,1.804,0,0.258,1.246,0,0.445,73.08,22.878,9.674571376037598,3.314918156920789,8.177251267774993,0,0.8339835168247596,2.2159738876731723,9.674571376037598,4.710134149825152,14.981379112198775,0,1.0388936557605222,4.355682821032954,9.674571376037598,12.060953533627384,39.02495389700196,0.07336329803466797,3.1156059525074684,1.8170805752653232,0,11.329840541971242,9.674571376037598,25.09000892382454,96.59988357047887,4.003093198646098,11.99834341725368,4.599968301212087,0,24.07043129817289,10.426962398816277,57.461564881256706,280.60719744567587,7.135064646759033,57.85777792618096,8.841797305190141,0.3118036804199219,67.8643269367383,1.3091167792615703,1.4314584139117073,0,0,0,22.050008923824542,13.59,22.050008923824542,24.669999999999987,0.06323602099590606,0.15553601894285998,0.07110957606183706,2,7.096978636370538,7.791163469789999,6.734709620225838,4.972692654004264,0,7.791163469789999,22.36938925680648,0
319,38.4,3247,Y,Both,1,15.313,6.887,2.084,0.164,2.379,0.05,0.023,16.177,73.076,22.918,14.755049585448623,7.411243896604053,11.899616864300894,1.0668405360412598,4.644480341997332,15.772356074045222,15.144001110076905,8.745316820771462,23.81041033432305,1.3189986793278712,7.609420132344561,16.23422111926808,15.169311098336612,13.045913983229095,67.15713459691668,1.9357379864442117,17.67692517472511,1.2989082402636956,1.5278036723836264,17.987667681594544,16.316042952180755,17.568576047393208,160.364262897662,3.7971190872820686,37.52629351613363,1.9339831875819786,5.845242602990842,22.899198621206846,18.37168437347412,24.887911934925153,416.98671970591545,14.169314173616897,105.0229148462274,3.0724060815339933,15.823763922196934,43.47335367369408,0.4196188884929582,0.7193419749869553,0.9203346950306612,0.6412851827973011,1.0030429521807545,10.681576047393207,22.2,11.684618999573962,120.03999999999999,0.07576631604429201,0.45142881282003194,0.06973140490732184,2,7.800899899920305,6.8807613063339055,7.268003886402515,6.126601235157297,3.463417065047544,6.752424275987763,31.02252252252252,1
320,7.19,1385,N,Both,0,6.56,1.646,6.32,0.05,0.42,0.33,0,0.34,73.124,22.926,6.013598977661133,1.5559596529941935,12.100454766669179,0.6279639373749378,2.337990693562826,0.8976849238227395,6.013598977661133,1.6030896499813305,18.931662210106957,1.7364996314703254,3.811623056745344,1.8587152836908079,6.031933267211914,1.896653438409544,38.763735421196415,5.825204726365033,11.505374477515124,2.018542253561581,1.5767583786010744,8.23939233792174,7.7465985143205245,4.713458340741327,83.5034594475181,6.857050493621826,36.41633881386552,5.510045249211929,2.0859766433715823,27.581649400335568,27.952480704070453,9.145895024249512,213.32899541335152,7.700439582061768,119.97513213853422,10.76627187096091,3.9673876291491936,94.70634910814775,0.30251160125732424,0.30251160125732424,0.663483432521446,0.34378336671417836,1.1865985143205249,3.067458340741327,8.206,4.254056855061852,82.06,6.37608196665007,6.0574502721839,4.125981653854716,2,6.37608196665007,5.444288341177892,6.0574502721839,4.125981653854716,3.68549002275602,4.985253739667455,20.05849378503534,0
366,1.74,673,N,Dry,0,1.37,0.35,0.537,0,0.083,0.02,0,0.49,73.07,22.996,1.255252619934082,0.32984750442504884,2.257837917429606,0,2.116947229455686,0.974524615879433,1.255252619934082,0.32984750442504884,3.94696020129634,2.874445657169118e-4,5.308914409296374,1.7259897228136252,1.255252619934082,0.32984750442504884,12.281163627307372,0.69945804695279,19.5840738514859,0.018324829864501953,0.20983495142319622,4.39562187563728,1.5392803787231446,0.577226644897461,34.58873335077924,2.9301451288230753,59.11629690724387,0.018324829864501953,2.4370676928950292,12.242260330319874,1.6675470458984376,0.74472875289917,132.33424141104604,10.091577360534668,181.17335905757832,0.4859825538186466,11.664355503405405,41.40241895093431,0.018324829864501953,0.018324829864501953,0.027487036895751955,0,0.1692803787231445,0.22722664489746103,1.7200000000000002,0.3965070236206055,5.500000000000003,0.3295957909693964,1.7626110227040919,0.18868913056020106,1,4.185866545311334,2.3118141263557552,3.8777442499490022,2.169925001442312,1.4291091108269132,1.7102902265692548,20.348837209302324,0
367,6.89,1036,N,Both,0,2.24,0.88,5.052,0.68,0.639,0.34,0,0.19,73.087,22.992,2.052448921966553,0.8154832038879395,9.033317777656105,0.8275184328894523,2.8695801332092294,0.5676519600782207,2.052448921966553,0.8154832038879395,14.391381696917964,1.0488252021161248,5.175997565540986,0.9529172157287598,2.144078141784668,1.3152407832007316,31.01332418722714,3.560306099246156,14.972029890747072,0.6727602962089988,2.758606368064132,3.050387292540308,2.144078141784668,1.39274857711792,71.19778594339704,8.488462570438758,44.08661188232422,2.270894510584813,4.802309930820839,13.380401292640835,2.4555942588806152,1.6309719177246094,193.17448752871042,15.462742110631607,163.6118553874686,5.0189370693102076,7.980836818533506,51.53267353425869,0.3573466384887696,0.4317622662114162,0.16446315674725703,0,0,0.51274857711792,3.12,0.51274857711792,31.200000000000003,5.008988783227255,4.548436624696042,3.292781749227846,2,5.008988783227255,2.6152952289700355,4.548436624696042,3.292781749227846,0,2.6152952289700355,28.205128205128204,0
23,5.16,987,N,Dry,0,0.43,4.334,0.838,0,0,0,0,0,72.619,22.621,0.3950438316345215,4.4827318696833585,4.696922147863054,0.9992675328782025,0.041252179233326636,0,0.45571488546633254,5.16153448953666,9.405948106276567,2.131694625552308,0.24916800937428193,0,0.6982196823120117,8.7115302736080409,31.78690779497031,4.557565584432565,0.9463389036829333,0.26992485352460077,0.43413377471923836,0,0.7074069656372071,13.500394148401,101.1527975530976,8.879416153872622,1.8173047602395451,1.6627405868829468,0.5427969068220551,0.1102488998413086,1.0628271565156826,25.690968757270362,294.34203020262146,56.612617683847475,14.980236700972007,5.31513072083417,8.090075837605793,1.320743542256075,0,0.009187218475341798,0.09813915664672851,0.014699302131802428,0.27740696563720707,9.166394148401,4.763999999999999,9.443801114038207,3.3199999999999896,0.12365558966612665,2.4059923596758366,0.12070910999762978,1,5.604071323668861,6.576492073505113,2.4059923596758366,5.4705368650925825,1.9161210503827595,6.533936143959366,90.97397145256087,2
2,20,2149,Y,Wet,1,7.87,27.239,15.072,0.13,1.53,0.02,0,0.02,72.615,22.533,7.34511275177002,27.905763425334857,28.59036426998363,0.7473265689715218,2.60918971527698,0.022819888153076173,7.34511275177002,30.130756711237304,41.78976211233699,2.3032513145386937,3.2151081410307047,0.1838608024597168,7.574931966400147,35.45203094819911,83.36187685716511,11.220125185119034,6.785263646644145,0.4714954594241872,1.7387865205114033,0.21893799006443398,12.66550278896856,50.920902441143,153.91007819112147,40.07964887824265,9.10004937947292,0.9537560514741785,9.553838357223809,0.7350915891071395,49.959028776762736,116.96800025517187,314.76670435875985,127.6028922105049,15.12399425555959,4.977146413849477,23.35572815712723,3.3135983987875552,0.03529282087438247,0.14539030776079964,0.5910124760646447,0.08284419144873525,4.79550278896856,23.681902441143,35.109,28.477405230111557,8.769999999999953,0.024641152401199115,1.7071642754332728,0.023764948221179458,1,8.45980044237968,8.15873111839899,6.316507819103109,8.094816663098147,5.613385133245633,7.893720318341067,77.58409524623315,2
14,4.99,1677,Y,Dry,1,0.14,3.394,2.549,0.028,0.27,0.04,0,0.02,72.559,22.584,0.12865172958374024,3.142795722961426,9.394875047897644,0.9125378268432617,0.31039223318660963,0.02756829528808594,0.12865172958374024,3.142795722961426,17.577332447868798,1.9655584555801693,0.32884307805977614,0.02756829528808594,0.12865172958374024,3.142795722961426,41.17202401299276,12.058471601287245,0.9396370764967975,0.24811676177978517,3.880190671273026,0.6892064834594727,0.12865172958374024,3.809357475774428,96.21296227932497,38.43966913596362,4.55769085025563,0.42271615982055666,11.661719033074471,0.9445616129347858,0.5881247543334961,10.983542093493893,331.9772916763217,75.745324757861,12.25558750773112,1.9253297251084274,24.03048772914513,2.4443611473083497,0.19308686802583583,0.23892700576782228,0.8057929581915165,0.37723576708924533,0,0.41535747577442805,3.5340000000000003,0.41535747577442805,20.540000000000003,0.3280687667379361,1.2630344058337941,0.32448150019886296,2,5.183486514459391,2.3655734995173274,1.2630344058337941,5.126807703142035,0,2.3655734995173274,96.03848330503678,2
117,3.49,863,N,Dry,0,3,0.68,0.637,0.118,0.02,0.984,0,0.02,72.969,22.726,2.7540582824707034,0.624253385925293,3.380258953040628,0.9456297734458775,0.38441786860746496,0.06818595183129404,2.7540582824707034,0.6518658244263893,7.464157591833979,2.323050495554607,0.67548415889366,0.28041205082612886,2.7540582824707034,2.937935082933014,25.473669782708882,8.033728348672906,1.6723010575657267,4.513193691199806,0.07344261779785156,1.6081101326078528,2.7540582824707034,14.214389984965596,81.24730949188535,12.342408037806493,2.0465328148187374,7.537355011761235,0.5783528968811036,6.901510763223685,2.856018647927677,61.46150382493262,265.9217222991136,15.72577765350342,8.974142586514343,13.38401376048668,1.3678723922729492,35.7237883354157,2.384797262845507,3.225627819016401,0,0,0,13.534389984965596,3.68,13.534389984965596,3.7200000000000033,0.15376509182317225,0.18695080416554244,0.3453932545425275,1,5.24031432933371,7.091106343980803,4.954196310386875,2.963474123974886,0,7.091106343980803,18.47826086956522,0
144,2.55,958,N,Wet,0,1.48,0.39,3.669,0.03,0.42,0.44,0,0.46,73.029,22.76,1.422584790802002,0.4405415641784668,7.641545778054628,0.44248997540343044,1.2727568546609318,1.376262734775917,1.422584790802002,0.4881948841319365,13.025087302009734,1.2154626597864486,2.0073957297680423,2.1358360370112406,1.422584790802002,0.8725214896946327,35.833562623952226,5.4770427817430685,3.718034478230196,2.153591276843501,0.07342518768310548,4.9168004577995745,1.422584790802002,3.7741428035332167,96.72045554339543,11.213683985520905,7.66281657923979,6.172595892325009,0.3579522232055664,12.782478816522332,3.2122852096557617,13.069248922370463,317.1194223219267,12.34262632709279,20.59266093086991,15.15306454699348,0.39466506805419926,46.06637233449298,0.8064375702472762,1.2383086051641727,0,0,0,3.3841428035332166,1.87,3.3841428035332166,10.8,0.48315996905269815,0.6320401036967841,0.6368838192299573,1,4.300123724569014,5.122731851351997,3.9818526532897405,2.292781749227846,0,5.122731851351997,20.855614973262032,0
170,2.43,1056,N,Dry,0,1.777,0.574,0.347,0.04,0.01,0.171,0,0.451,73.049,22.787,1.6425449348449708,0.6390254697852041,2.8601801253105616,0.5997270985741708,0.22857855636297486,1.1678995891047461,1.6425449348449708,0.6973941101074219,6.39897257017547,1.0915703708394366,0.47867470509248616,2.5703469421955183,1.674319324077532,0.9446108084884344,24.00741374965293,1.3856032585144045,1.7522219911493038,3.4118502438025375,0,8.519206760391535,1.7434816619873048,4.421754341355866,76.91623335473759,1.514071762084961,4.151551695188633,5.566930865690942,0.00917591781616211,24.259266908488566,2.725363920593262,10.013183946733662,305.720367803132,1.9438248398694806,8.572445946867699,11.991630425818947,0.00917591781616211,48.27982077592738,0.900383021476596,1.3053237187553854,0,0,0,3.8477543413558664,2.351,3.8477543413558664,-0.8499999999999996,0.1819912688916449,0.23528124277286705,0.3284902853707797,0,4.615298579092115,5.302960312256535,4.23035674505615,2.7527485914071335,0,5.302960312256535,24.415142492556356,0
78,4.72,1277,Y,Dry,1,3.7,1.922,0.57,0.05,0,0.67,0,0.318,72.97,22.685,3.397670557403565,2.510674158307244,2.4127670152940954,0.7109676722537771,0.2798093790959377,2.969388109424067,3.397670557403565,2.525294738006592,6.3836781037214685,1.7519026931104469,0.6506902318827311,4.697068312051811,3.406853547668457,3.220892006674374,27.230068544132013,4.003717099761963,2.4629251941336836,4.573948137452368,0.055096607208251956,9.721496112018661,3.425218958282471,7.35718635702395,92.31601970786605,4.038647567958458,5.270749769415761,7.120058180090212,0.055096607208251956,20.785610966844743,5.438949785999972,20.791700379094138,297.5446386055531,4.655699625396728,19.815868532263067,16.397115643855074,0.055096607208251956,63.87309832684985,1.522598121059642,2.3583850532053034,0.055096607208251956,0,0,5.435186357023951,5.622,5.435186357023951,37.019999999999996,0.28903205903705237,0.3033484111817102,1.112233613366228,2,5.838447592548458,5.790559984943576,5.247927513443585,4.3377110921282895,0,5.790559984943576,34.187122020633225,1
412,3.96,1725,Y,Both,1,1.44,0.59,7.18,0.91,1.258,0.12,1.98,0.35,73.084,23.086,1.3185391502380372,0.5402345092773437,11.918109035168811,0.9040017338382497,5.227068109513826,0.9629377978695141,1.3185391502380372,0.5402345092773437,17.058112993855197,1.0253665689685298,9.5937870729424,1.4684816313320983,1.3185391502380372,0.5402345092773437,33.3406523046187,1.8953130544415644,28.17113903782564,0.13734607696533205,10.418710149410476,3.8723314185647406,1.3185391502380372,1.5035719047755822,71.36026770125446,2.7836194060381723,71.37602442670634,0.42525936264636477,24.356926987149127,9.42099278768203,1.4009426643371583,7.325002654709162,192.5354127216953,7.4309354717179845,228.56022592540077,1.263572635650635,46.098051431795014,19.90372180037555,0.10987755889892578,0.13242688267726524,4.958090188197715,3.221278569440655,0,0.9135719047755823,2.03,0.9135719047755823,2.9999999999999982,0.2411356024775123,0.31308400363551897,0.4159099047598219,1,4.412781525338476,3.3413765349338327,3.944858445807539,2.7865963618908065,0,3.3413765349338327,29.064039408867,0
421,4.78,1323,Y,Both,1,3.838,0.992,2.219,0.069,0.103,0.415,0,0.09,73.107,23.107,3.5521565757751468,0.9338145446777344,6.11444380282832,0.7300692344605689,1.8214916956254548,0.4736191270506617,3.5521565757751468,0.9338145446777344,10.286721278662586,1.6442072546177287,3.059074337104348,0.9155037864685059,3.5521565757751468,0.9612801376342774,26.365539586181647,4.987083217641793,10.871353074654976,1.2653357025924383,8.562475152677651,2.315225279223872,3.5521565757751468,1.4436548841259529,68.90833970637303,9.171111782543706,31.519316899611525,1.548498387083166,16.664497201295738,15.537158964188519,3.5521565757751468,3.8896752108734742,188.43511063776972,18.793050711834482,125.42558836783002,1.9134068069458008,39.77142855244056,61.98409301531023,0.7769930219074325,0.9426453312054802,2.3334613440509875,0.375104646654316,0,0.4516548841259529,4.83,0.4516548841259529,29.65,0.2861840072005369,0.5407542047068192,0.31787105540508087,2,5.623515741490549,2.463765997673766,5.299391206126829,3.4489009511451276,0,2.463765997673766,20.538302277432713,0
429,2.12,658,Y,Dry,1,1.47,0.666,0.616,0,0.042,0,0,0.199,73.149,23.127,1.3455890701293947,0.7668267004155178,3.087652865217621,0.050937394615622134,0.9972851946393183,0.8121663419835707,1.3455890701293947,0.9336748191833496,6.781781215060363,0.17391950683593752,1.9000510394227275,1.6376893466395959,1.3455890701293947,1.1625145713806153,22.501817847529388,0.521041184761197,7.200570585174559,0.4658285887056239,0.8861839046283796,6.179085571681004,1.3455890701293947,1.4003978176161822,64.86391455480835,2.050039443652583,21.08604928780051,0.5766762390136719,6.132915569808063,18.9905210597229,2.1523236933569816,4.749060390316833,206.02807671696968,4.194742888704187,103.22982791719022,1.2189283938000248,16.997523664781163,46.968246690335775,0.19222608184814455,0.22596877988927505,0.21254394883997302,0.0012204843139648437,0,0.7343978176161822,2.136,0.7343978176161822,4.260000000000002,0.24767117586013618,3.9726926540042644,0.16228422056078629,1,4.482848283068465,3.0607353844655063,3.9726926540042644,2.9373443921502322,0,3.0607353844655063,31.179775280898873,1
382,2.56,1828,N,Both,0,1.3,1.72,25.55,0.4,1.07,0.15,0,3.56,73.17,23.022,1.190891293334961,1.5756417839050294,33.73897183191637,0.8622347569454418,3.548963817318187,5.319608946042528,1.190891293334961,1.5756417839050294,42.897737159815776,2.2550177161332683,7.200460316760495,6.9366883846627045,1.190891293334961,1.593962715148926,75.36999446534699,6.344833227494185,20.110079013450473,1.2366671646118164,0.7137410284573424,11.105779419447956,1.2275335021972658,1.9858087913782456,142.22370658086749,8.143590942382813,47.30438460426482,6.350820242055257,0.796977101135254,30.887049144182427,1.2275335021972658,2.5027026293466608,296.05668900579167,8.449517823217056,189.93585108857687,9.880464675819548,2.11514608528586,86.85804030911308,0.6165215171095905,0.8569929057102578,0,0,0,0.26580879137824565,3.02,0.26580879137824565,18.5,0.3908247341712509,1.4643672777144632,0.37710509417219223,1,4.963474123974886,1.8710897473812975,3.807354922057604,4.185866545311334,0,1.8710897473812975,56.95364238410596,1
423,0.77,385,N,Dry,0,0.175,0.397,0.149,0,0,0.01,0,0.111,73.164,23.122,0.16477257614135743,0.49431764297485353,1.3422320255025229,0.02254412124932981,0.32387242547427914,0.9349672685690487,0.16477257614135743,0.49431764297485353,4.3415213370469035,0.2653606182322783,0.6541709843325147,1.4748033402715948,0.16477257614135743,0.5328000266310748,20.51824854667813,0.6462075272354426,2.675046151066201,0.7867487802004347,0,4.370836317898619,0.21054223022460938,0.6499352760314941,55.28754145730711,4.674573491450291,15.283688650560572,1.7940617689783427,0,19.690351565856943,0.7506259941101074,2.947627732849121,194.56307800467093,10.795256898025812,74.00245945243684,3.8996736198754407,0.02473398619109509,63.65920850761862,0.17938256012860468,0.29734383238250134,0,0,0.035542230224609395,0.2529352760314941,0.5720000000000001,0.2884775062561035,4.03,1.0217328003732473,1.4594316186372973,0.8599426958318072,1,2.748461233004036,1.957831065679925,1.4594316186372973,2.3132458517875616,0.4387424150000359,1.8194036353096115,69.4055944055944,1
163,3.77,967,N,Dry,0,2.75,1.11,1.982,0,0.039,0.04,0,0.14,72.848,22.793,2.523361508178711,1.0185196594238282,6.677593627579635,0.1867536632941751,0.5343582400153665,0.5756698297388414,2.523361508178711,1.0185196594238282,12.766746767006671,0.39837279603546744,1.1604775692300238,0.965664168772978,2.523361508178711,1.2603311391523775,36.66678597405824,1.4941853098072726,3.8642984004151595,0.6902453891170727,0.2844483184814453,3.883677650553385,2.853696523284912,2.601047217607685,95.29940890939154,7.0516506491029025,10.017231966777128,3.8730539756894586,3.0081728638742486,9.315413632019641,6.615910509490967,10.085901041089226,296.4032805562843,13.755200618546434,40.24492735820097,11.015406853951848,5.6064707403384935,33.70904935506783,0.31737905856861787,0.4048202217550839,0.028175143543318206,0,0.10369652328491208,1.491047217607685,3.8600000000000003,1.594743740892597,9.600000000000005,0.17691428417307492,0.19970619893242733,0.5289610503510636,1,5.307428525192248,4.0829952374565694,4.832890014164741,3.5969351423872324,1.0264213564332996,3.991904746142514,28.756476683937827,0
194,3.9,949,M,Dry,0,3,1.052,0.199,0.01,0.06,0.283,0,0.734,72.947,22.814,2.7523284103393557,1.0275365898132325,3.2700554009172027,0.009174387359619141,0.4063719755434523,2.228019410552979,2.7718286863828174,1.2270733573793897,7.615761886931774,0.16038880047667264,0.7060318048544492,3.1136207301689596,2.8257233779907227,1.6330475555419923,28.805440398371104,2.4419157979568786,2.5296550517841414,3.799195339920941,0.13761476669311523,4.982682777297076,3.3979046945818725,4.0913957005848625,86.83049986010978,8.431289194126506,6.875190409857058,7.236681087840958,0.7662555499596689,10.366323318681905,4.424940125929889,15.053189903654214,278.1703647998105,36.53545178710042,19.43251708312091,17.319681121218814,2.1774930197113638,33.31031665212295,0.7375149547891057,1.7154275119826372,0,0,0.3979046945818725,3.0393957005848624,4.052,3.437300395166735,11.239999999999997,0.17753416573920594,0.4463239919267455,0.17473086281801722,1,5.375734538583156,5.144576835898236,4.954196310386875,3.526068811667588,2.3158696181717007,4.97241497767562,25.962487660414613,0
219,1,378,Y,Dry,1,1.14,0.27,0.47,0,0,0.25,0,0.03,72.904,22.823,1.04581669921875,0.3302575340270996,2.798669749534459,0.03669550170898438,0.1678278756534352,0.7620742861489689,1.0539113084650975,0.3897254308872597,6.493743951511758,0.03669550170898438,0.25686841583251957,1.9410403038443778,1.155903379058838,1.018301109313965,24.99202923857446,0.2254995704052495,0.5330906371591606,0.8990361457824707,0,6.582719025433111,1.155903379058838,2.3398335188054107,77.71637709671911,2.994004459958544,2.6659923410453055,2.4541663733658137,0.07338932418823242,18.322563659805596,2.2058635925592163,8.990753305873499,274.664483212475,6.478843259782979,10.541787457613477,11.703261083706128,2.6942438523535643,51.728493182124716,0.4403437568664551,0.5320463520154767,0,0,0.015903379058838096,2.0698335188054107,1.41,2.0857368978642485,4.699999999999999,0.37658429273439586,0.4273256724117074,0.6508707830143405,1,3.9164766444377164,4.450047845855641,3.6322682154995127,1.8875252707415875,0.2129226274346823,4.439512450549004,19.148936170212767,0
291,0.75,389,N,Dry,0,0.688,0.376,0.563,0,0.05,0,0,0.01,72.826,22.902,0.6326380073547364,0.46760211105346683,3.168435074169683,0.07165976767147288,0.5472780180328968,0.09981247421563841,0.6326380073547364,0.46760211105346683,7.3595922049847795,0.10085585021972657,1.2221239215357165,0.18337332839965823,0.6326380073547364,0.46760211105346683,25.24983208841062,0.7426608512878419,6.650758373221603,0.05397031979429955,0.0641804557800293,0.37591702270507815,0.6328177803189148,0.540953694152832,72.93793019092632,3.647618700827803,25.188354105987543,0.47303577714807843,0.9077008567810059,1.4994876030058022,0.7518273826599121,0.7976785095214844,262.7892442416443,10.682197445705638,72.85933369589112,1.6640154751646756,4.452415472065047,11.74582658938838,0,0,0,0,0,0.164953694152832,1.064,0.164953694152832,6.460000000000001,0.6835944311068647,0.7636399050465772,0.9872638480408854,1,3.541019153133559,1.4057402424928431,2.978195629681651,2.250961573533219,0,1.4057402424928431,35.338345864661655,1
292,0.28,219,N,Dry,0,0,0.159,0.113,0,0,0.02,0,0.013,72.876,22.898,0,0.1925475715637207,0.6484399447661755,0,0.6613130284866634,0.5991447742925906,0,0.1925475715637207,1.7652130508662205,0,2.7075313724921726,0.8078361404478783,0,0.1925475715637207,8.128912433328065,0.23839391403198243,12.839484235190595,0.018337845611572267,0.009168878173828126,3.573824593517829,0,0.2869703991998411,40.166405001139935,0.3366286839174757,35.379309588413626,0.018337845611572267,0.09187028252096738,12.467889220398549,0.6234892700195312,0.8435429649353028,168.08159989817003,2.7283374670948706,118.55149161404778,0.46727733072019095,2.443588138224284,39.80139895606845,0.018337845611572267,0.018337845611572267,0.009168878173828126,7.550840849034927e-4,0,0.12797039919984107,0.159,0.12797039919984107,1.59,1.372952097911829,0,1.372952097911829,1,1.372952097911829,1.1888465099163998,0,1.372952097911829,0,1.1888465099163998,100,2
221,3.59,878,Y,Dry,1,2.95,1.364,0.641,0,0.01,0.568,0,0.21,72.964,22.832,2.7152889373779296,2.1140289246891992,3.510414598765654,0.40865881385653624,0.11263309259751264,0.8847742186392991,2.7152889373779296,2.687415391474705,7.3489886875466794,1.47214143329396,0.28771574030558267,1.5149256273606246,2.7152889373779296,3.282960301717122,31.17896002297795,2.0639725349426272,1.8212178051518466,3.7151459510803226,0.04586686630249023,4.490764846062755,2.7152889373779296,5.925719439128801,101.27211636288811,2.7267088036690503,4.206691888023825,4.5080019726053875,0.28437066192626953,9.850700767367492,3.302393305206299,20.709030333497296,319.5004425903173,5.765366717478435,11.547244923191446,6.115005389395321,1.5434636751990225,43.948579475773826,1.5264987493178426,2.481410534811581,0.018346591186523438,0,0,4.561719439128801,4.314,4.561719439128801,1.509999999999998,0.12817299377210625,0.19962499342359863,0.20453479389906593,1,5.46401472450489,5.542790274824443,4.930737337562887,3.871843648509318,0,5.542790274824443,31.617987946221604,1
280,3.1,1040,N,Dry,0,2.56,1.14,1.2,0.11,0.02,0.664,0,0.03,73.164,22.876,2.3476144317626955,1.126766714971206,5.076917077600819,1.0730842891797834,0.26593978271484375,0.4697718800114649,2.3659549041748047,1.545614169449152,9.588977435503187,2.4548404916142488,0.4357891339051489,1.0331856451894725,2.3659549041748047,2.1116956869716272,33.8315489014659,4.801774962149228,0.8913174493468041,1.7872949008388148,0.22926155853271485,3.335845998505236,2.4943413467407227,4.7287394737333415,106.52263082015115,4.942892478179932,2.073060929442761,2.2546318622873343,0.2934556388854981,8.131022885664397,5.904552788121841,24.89790986611759,319.8421597372407,5.181332000732422,23.712176467081697,3.891460032626882,0.3393100288391113,28.639528544856056,0.9986027027833231,1.2171818214715697,0,0,0,3.588739473733342,3.7,3.588739473733342,28.28,0.5399102380085993,4.733354340613827,0.37369014562752184,2,5.247927513443585,5.2050559936447804,4.733354340613827,3.6322682154995127,0,5.2050559936447804,30.810810810810807,1
285,3.75,839,N,Dry,0,1.54,2.54,2.23,0.07,0.06,0,0,0.13,73.307,22.885,1.4121463592529298,2.4122250628901463,7.447150528061811,0.10086733551025391,0.554821717119404,0.26578010293399584,1.4121463592529298,2.567607348964916,13.90447418363684,0.10144268645043467,1.2503518379001994,0.4189676180312213,1.5546175616395244,3.5705919143287814,38.297352022842695,1.8257740879941453,2.3835857696234015,0.029198921972536575,0.01833968505859375,3.4852287821062884,14.716227154923981,4.655978540131812,92.02387475228402,4.0897717201232915,4.831871595450009,3.6992787563697975,0.13754759216308596,10.534355578771859,27.008515874316643,7.675072773003672,327.8689755973338,8.170354039764405,12.654445144189571,9.241122554877787,0.8252820709228516,24.815420374193366,0,0,0,0,13.176227154923982,2.1159785401318123,4.08,15.292205695055795,19,0.23620311566638244,0.29243651519787833,0.4722466024471091,1,5.38543103719352,7.266056173702572,4.035623909730721,4.722466024471091,7.0527014088831725,4.469872005067188,62.254901960784316,1
198,13,1575,Y,Dry,1,3.43,4.4,6.066,0.045,0.42,0.665,0,0.089,73.078,22.819,3.146747248077393,4.0366177589416505,12.629334856851615,0.7765982739826278,0.94680826513253,0.1100884407043457,3.146747248077393,4.13386394317627,20.45972671131509,1.6155810195174873,2.0237599945397466,0.1291201280332079,3.2935360763549806,5.327770688724893,52.85411404478485,4.113733684288474,4.192634044647217,1.7430821205139162,0.7980431880038393,0.8597987065034751,5.676053535760618,8.281813771610633,131.5663606936856,4.712405307482551,9.239889489282344,4.476554989597097,0.9632898277282715,5.940205099221025,38.09153918616499,18.258668168146475,354.00384442816636,7.816391724395753,37.379377189166526,14.062206527413764,2.9216167050081143,10.096429129351447,1.132880826927634,1.3100300282377353,0.29464702236399937,0.023744495481603286,2.2460535357606175,3.8818137716106325,7.83,6.12786730737125,43.900000000000006,0.17822737177448067,0.22257992547116093,0.4129212854383214,2,6.309248960816616,5.960666301180223,5.141596278383818,5.491853096329675,4.552164030203957,5.315353843053627,56.194125159642404,1
306,21.6,1849,Y,Both,1,35.18,1.95,7.844,0.33,0.232,3.533,0,0.07,73.259,22.897,35.68069976491891,1.7971000610351564,24.804019967699205,0.580205233294917,2.109655351759967,3.898167239230287,36.189102254758346,2.1170396931936226,47.73396730774228,0.7335276206970215,4.50380459961536,7.711367371419273,37.91980897660798,2.679766927508186,129.0782744811774,1.9071893325805664,12.063414960716099,7.642423734259511,0.4951117950439453,12.763281377578439,43.30008921344235,4.471465491793763,287.7842573298195,3.9438047407741172,24.29696729749193,10.277801495654536,0.8893926490783692,21.683328618962925,54.89582305103976,11.435483299925563,667.923200259452,6.841330511821673,72.1446826143003,13.95774057837692,5.74009529876709,58.45341028890873,6.530660815271116,6.787322583842557,0.485080156474394,0.14425517188876283,8.120089213442348,2.521465491793763,37.13,10.64155470523611,23.230000000000004,0.024465928913868708,0.024890313972559287,0.43272611763834,2,8.540321805964151,6.747059010212184,8.462706750670158,4.357552004618084,6.3610821465914515,4.712301649650391,5.251817936978184,0
105,3.12,834,Y,Dry,1,2.89,0.515,0.983,0.087,0.01,0.086,0,0,72.613,22.732,2.6529777992248538,0.5185728348675895,5.420616083059873,0.24785525207519532,0.07343897247314453,0.05842750115787282,2.739699524817373,0.7286634263850194,11.280859134330006,0.413057167412253,0.19310168045941523,0.11883469786400888,2.857379866198372,1.3660260853516824,37.343482309594265,1.9157544300842282,0.29998474816715015,0.4227408797499713,0.05507843933105469,0.2859808228526396,3.928953646087647,2.04708709564209,108.59011775482186,6.535012821421904,1.0382604500594796,0.5352399153496237,0.5140826675415039,0.4129149176922967,4.267974283483168,2.614621054166906,338.85000228464435,14.486740790695489,31.145837850640955,0.9088230010986329,4.139116842190612,2.006818772319719,0.25703480224609376,0.2662145668029785,0.01835982360839844,0.01835982360839844,1.0389536460876467,1.53208709564209,3.4050000000000002,2.5710407417297367,4.550000000000005,0.1682407389876479,0.16340245264369144,1.7470576069679185,1,5.131342539123261,4.7393300766421795,4.902073579310743,2.6205864104518777,3.5096371273413656,4.028646143065749,15.124816446402347,0
129,4.44,998,Y,Both,1,2.89,1.407,1.297,0.16,0,0.03,0,0,72.609,22.748,2.6526577384948733,1.441064666748047,6.543073502373792,0.4873009229383282,0.036715250396728516,0,2.6526577384948733,1.441064666748047,13.51809047549677,0.5197688117532169,0.2684861344520719,0.009178839111328125,2.6526577384948733,1.441064666748047,42.304223361696764,0.7458185925502403,1.974529711788402,0.02753614654541016,0,0.14686012344360352,2.658776992034912,1.5903021400391824,121.62461609156009,1.9535392730204266,3.2096456587428674,0.05507181549072266,0.10096653442382814,0.48895425407260074,2.9922851585388184,1.9734361564636231,367.8430658744661,7.013468617649452,27.982605501915423,0.2753624588012695,3.5755169332407037,1.674902565648696,0.02753614654541016,0.02753614654541016,0,0,0,0.18330214003918233,4.297000000000001,0.18330214003918233,9.330000000000007,0.1575764326627576,0.15415325721102965,1.0191686228705987,1,5.4584476274379226,1.5023414997472666,4.902073579310743,3.9136075118230993,0,1.5023414997472666,32.743774726553404,1
181,6.93,1232,Y,Both,1,4.41,2.13,2.81,0.73,0.03,0.214,0.01,0.01,72.576,22.798,4.102082459339815,2.0094297981262206,6.610669392882703,3.6821406191178885,0.11086220588235295,0.03670232467651367,4.156486650848389,2.2110422257546816,10.405187037736484,8.232451846959735,0.1272341849263509,0.06300570292154949,4.193187734222413,3.7711658203125,30.03441560472675,21.368790589698342,0.2907006565886853,1.5843305020470715,0.9572719600722369,0.24774020385742188,4.257417692565918,9.356549614189001,93.11148134393434,35.651530202702546,2.6782985561684995,2.594595862375895,4.760493669283997,1.3012575925281002,7.258678497398229,23.38271623229382,339.68975229203124,55.510204638103424,10.703765108316459,4.535023386191574,8.284271873931885,3.3913938953324863,0.6102535713644589,0.9107034142138911,0.1529250489956725,0.06768280772190467,0,7.226549614189001,6.54,7.226549614189001,-12.58,0.07664106528816868,0.08363859251701702,0.31365348774740487,0,6.053111336459563,6.195062026335522,5.4950555283680185,4.478971805032942,0,6.195062026335522,32.56880733944954,1
281,,,,,,1.189,1.244,0.567,0,0.002,0.075,0,0.424,73.205,22.872,1.091299994659424,1.5314881118774415,3.3197289096039415,0,0.17402509741689645,1.630488381036497,1.091299994659424,1.5314881118774415,8.51306013360416,0.018341030883789064,0.34729555384916416,2.6649222094068343,1.091299994659424,1.7547825208955652,32.648598564495,0.1698182048633052,1.32440440463197,0.9720743423461915,0,5.661169964168772,1.091299994659424,3.687623518153172,89.4851658142209,4.026886602460075,5.04675984911152,1.3341803885964787,0.2659502677917481,17.35209763009165,2.2193265243530274,17.09749270380955,301.8355404979902,8.559176289660881,20.890432846338612,3.4253766201632625,0.8803580337524415,41.46543579198801,0.7059510697009517,0.8183702962119906,0,0,0,2.4436235181531716,2.433,2.4436235181531716,24.13,3.8856459766148133,3.6881803585869264,3.1237176941700295,2,4.662775171937776,4.668813247943931,3.6881803585869264,3.7484612330040354,0,4.668813247943931,51.13029182079737,1
